scenario,10800-3-m,10800-3-m,10800-3-m,10800-3-m,10800-3-m,10800-60d,10800-60d,10800-60d,10800-60d,10800-60d,10800-b,10800-b,10800-b,10800-b,10800-b,15000-3-m,15000-3-m,15000-3-m,15000-3-m,15000-3-m,15000-60d,15000-60d,15000-60d,15000-60d,15000-60d,15000-b,15000-b,15000-b,15000-b,15000-b,21000,21000,21000,21000,21000,Noaction,Noaction,Noaction,Noaction,Noaction,fallx2,fallx2,fallx2,fallx2,fallx2
region,Cache Montezuma Link,Delta,North Delta Arc,Suisun Bay,Suisun Marsh,Cache Montezuma Link,Delta,North Delta Arc,Suisun Bay,Suisun Marsh,Cache Montezuma Link,Delta,North Delta Arc,Suisun Bay,Suisun Marsh,Cache Montezuma Link,Delta,North Delta Arc,Suisun Bay,Suisun Marsh,Cache Montezuma Link,Delta,North Delta Arc,Suisun Bay,Suisun Marsh,Cache Montezuma Link,Delta,North Delta Arc,Suisun Bay,Suisun Marsh,Cache Montezuma Link,Delta,North Delta Arc,Suisun Bay,Suisun Marsh,Cache Montezuma Link,Delta,North Delta Arc,Suisun Bay,Suisun Marsh,Cache Montezuma Link,Delta,North Delta Arc,Suisun Bay,Suisun Marsh
time,,,,,,,,,,,,,,,,,,,,,,,,,,,,,,,,,,,,,,,,,,,,,
2024-04-23,7690.08,60798.19,35730.82,25713.62,7088.43,7690.08,60795.17,35727.79,25713.62,7088.46,7690.08,60799.66,35731.47,25713.62,7087.47,7690.08,60795.36,35730.15,25713.62,7089.70,7690.08,60765.61,35701.64,25713.62,7089.39,7690.08,60795.49,35730.53,25713.62,7090.02,7690.08,60774.13,35711.87,25713.62,7088.87,7690.08,60782.21,35714.61,25713.62,7088.15,7690.08,60800.08,35734.42,25713.62,7091.91
2024-04-24,7688.06,60677.88,35448.01,25695.37,6916.75,7688.06,60671.93,35449.88,25695.37,6923.64,7688.06,60672.94,35448.63,25695.37,6921.07,7688.06,60671.94,35446.70,25695.37,6919.57,7688.06,60629.21,35406.30,25695.37,6922.09,7688.06,60671.85,35449.79,25695.37,6922.54,7688.06,60663.62,35439.75,25695.37,6919.38,7688.06,60679.83,35457.86,25695.37,6924.82,7688.06,60683.31,35461.79,25695.37,6925.98
2024-04-25,7690.60,61167.22,35926.45,25709.49,6940.52,7690.60,61154.83,35917.80,25709.49,6944.14,7690.60,61162.45,35930.70,25709.49,6948.97,7690.60,61159.72,35917.83,25709.49,6937.95,7690.60,61112.72,35874.89,25709.49,6941.48,7690.60,61165.61,35927.59,25709.49,6941.15,7690.60,61152.84,35920.06,25709.49,6941.11,7690.60,61155.26,35920.55,25709.49,6946.71,7690.60,61159.39,35924.29,25709.49,6946.75
2024-04-26,7649.87,60416.31,34449.33,25613.27,6115.70,7649.87,60413.27,34457.56,25613.27,6127.58,7651.20,60414.64,34464.78,25613.27,6131.60,7649.87,60417.42,34458.82,25613.27,6121.65,7649.87,60363.23,34407.04,25613.27,6125.16,7650.80,60408.63,34460.13,25613.27,6131.79,7649.87,60410.81,34456.82,25613.27,6123.63,7651.20,60413.36,34460.39,25613.27,6132.83,7649.87,60419.77,34458.32,25613.27,6125.75
2024-04-27,7593.90,60170.83,33942.62,25599.90,5824.07,7593.90,60165.26,33949.84,25599.90,5833.84,7593.78,60166.96,33947.75,25599.90,5829.91,7592.87,60167.92,33953.09,25599.90,5830.64,7593.48,60116.91,33894.07,25599.90,5825.19,7593.48,60164.42,33951.77,25599.90,5834.84,7592.54,60149.68,33937.78,25599.90,5829.61,7593.48,60163.23,33946.30,25599.90,5834.76,7593.90,60180.55,33953.30,25599.90,5827.23
2024-04-28,7571.76,60005.29,33630.60,25550.90,5708.14,7571.76,59989.31,33624.47,25550.90,5714.39,7571.76,59988.07,33620.09,25550.90,5711.20,7571.76,59993.11,33623.31,25550.65,5707.64,7571.76,59956.49,33589.48,25550.65,5713.05,7571.76,59987.85,33626.86,25550.90,5713.97,7571.76,59980.84,33619.67,25550.65,5710.21,7571.76,59998.94,33631.49,25550.90,5716.33,7571.76,59997.15,33622.98,25550.90,5710.89
2024-04-29,7545.64,59166.55,32742.27,25453.15,5597.86,7545.64,59180.30,32764.82,25451.48,5603.74,7545.64,59173.18,32753.67,25451.48,5599.70,7545.64,59159.91,32743.71,25449.86,5598.45,7544.48,59132.76,32717.09,25448.22,5599.01,7544.48,59159.44,32749.73,25449.86,5603.63,7545.44,59148.03,32740.50,25444.99,5599.91,7545.64,59172.40,32753.60,25453.15,5603.35,7545.64,59174.29,32748.26,25454.76,5599.83
2024-04-30,7510.61,58663.54,32264.22,24975.24,5501.26,7510.61,58659.71,32268.41,24975.24,5507.60,7510.61,58658.33,32263.86,24974.35,5502.96,7510.33,58651.22,32258.26,24967.68,5502.47,7510.80,58594.18,32204.79,24967.68,5503.43,7510.80,58648.77,32263.90,24970.35,5508.96,7510.80,58640.75,32257.53,24957.74,5503.08,7510.61,58663.91,32265.93,24977.11,5503.70,7510.61,58671.38,32264.67,24977.11,5501.32
2024-05-01,7507.83,58577.14,32218.71,24572.26,5483.74,7507.83,58574.10,32223.32,24573.70,5489.95,7507.83,58570.95,32215.90,24572.26,5485.22,7507.56,58564.52,32210.27,24561.62,5482.43,7507.83,58511.65,32160.88,24563.57,5484.37,7507.83,58564.13,32218.63,24566.67,5491.10,7507.83,58549.79,32206.30,24549.00,5484.26,7509.61,58576.35,32219.20,24575.23,5488.06,7509.61,58577.38,32215.32,24573.78,5483.31
2024-05-02,7551.55,58694.99,32580.19,24411.85,5629.69,7551.55,58688.17,32580.93,24411.85,5634.98,7551.55,58690.24,32577.91,24411.85,5627.82,7549.41,58677.88,32570.69,24392.65,5629.35,7549.69,58639.96,32534.47,24393.54,5631.82,7549.69,58676.28,32578.02,24395.23,5640.39,7549.69,58660.08,32564.50,24358.53,5630.48,7551.55,58698.45,32585.33,24425.04,5634.02,7551.55,58701.20,32581.95,24423.95,5630.71
2024-05-03,7660.65,59861.48,34185.17,23967.51,6225.19,7661.52,59885.04,34213.20,23967.51,6228.81,7660.65,59887.77,34206.22,23967.51,6214.71,7660.65,59891.64,34224.03,23933.11,6227.98,7659.88,59872.29,34211.04,23935.72,6234.61,7659.58,59889.42,34232.18,23935.72,6234.39,7659.14,59835.76,34176.10,23882.72,6226.03,7661.52,59941.92,34266.62,23977.65,6233.35,7661.52,59921.96,34247.21,23977.31,6230.37
2024-05-04,7676.45,60242.35,34695.52,25228.42,6432.97,7676.93,60270.94,34735.72,25227.06,6440.55,7676.45,60309.90,34769.27,25227.06,6434.08,7676.45,60250.89,34717.60,25188.52,6432.66,7676.45,60236.37,34693.99,25191.74,6420.16,7676.45,60274.96,34740.24,25191.74,6429.65,7676.45,60239.83,34704.40,25136.48,6413.40,7676.48,60289.16,34743.83,25247.15,6434.15,7676.48,60297.97,34756.97,25245.09,6440.44
2024-05-05,7681.98,60182.42,34931.34,25371.97,6701.57,7681.98,60192.53,34942.43,25368.52,6699.57,7681.98,60202.08,34960.42,25368.52,6706.29,7681.98,60175.10,34929.48,25339.34,6696.44,7681.98,60150.33,34909.44,25337.69,6700.15,7681.98,60188.06,34938.04,25337.69,6689.49,7679.12,60153.77,34912.60,25290.65,6689.62,7682.13,60221.62,34974.22,25381.33,6708.10,7682.13,60217.50,34973.71,25381.33,6714.87
2024-05-06,7698.92,60765.36,35883.73,25380.90,7143.81,7698.87,60793.75,35910.55,25374.21,7140.74,7698.87,60800.59,35920.18,25374.21,7141.54,7698.87,60781.52,35908.96,25348.07,7145.21,7696.79,60747.53,35873.01,25346.18,7142.01,7696.79,60783.46,35909.80,25346.18,7142.75,7695.60,60755.80,35888.56,25302.27,7130.15,7698.87,60805.72,35917.87,25399.95,7141.00,7698.87,60806.10,35916.88,25399.95,7140.85
2024-05-07,7695.47,60315.92,35542.23,25329.88,7240.48,7695.47,60358.10,35585.51,25328.90,7239.61,7695.47,60366.21,35593.92,25328.90,7240.13,7695.47,60339.00,35577.12,25285.06,7241.34,7695.47,60306.15,35536.74,25283.71,7230.84,7695.47,60338.92,35570.72,25283.71,7231.95,7695.45,60317.85,35563.53,25208.69,7234.09,7695.47,60370.81,35601.45,25344.14,7247.22,7695.47,60375.83,35602.81,25344.87,7245.01
2024-05-08,7699.00,60638.66,35988.20,24440.61,7388.87,7699.13,60638.89,35992.43,24436.08,7388.53,7699.00,60667.48,36020.14,24436.08,7387.50,7699.00,60646.91,36012.00,24400.32,7388.02,7699.00,60608.71,35969.97,24398.06,7383.19,7699.00,60649.44,36017.44,24398.06,7389.68,7698.92,60612.05,35981.72,24336.51,7381.94,7699.00,60688.13,36040.69,24464.96,7393.72,7699.00,60678.38,36026.01,24469.96,7391.60
2024-05-09,7704.83,61637.07,37466.26,24086.16,7965.44,7704.83,61590.72,37421.41,24081.74,7963.60,7704.83,61574.54,37406.14,24081.74,7964.74,7704.83,61600.34,37439.59,24014.78,7962.13,7704.83,61558.97,37399.93,24014.78,7961.13,7704.83,61555.03,37396.96,24014.78,7961.02,7704.83,61535.76,37383.58,23898.15,7957.60,7704.83,61618.26,37446.52,24112.95,7965.90,7704.83,61603.70,37430.21,24111.78,7964.94
2024-05-10,7703.99,61640.31,37499.50,24482.80,7982.85,7703.99,61626.40,37489.38,24482.80,7983.53,7703.99,61620.60,37483.24,24481.14,7983.23,7704.13,61598.14,37470.60,24410.71,7982.95,7704.13,61601.48,37473.70,24417.98,7980.67,7704.13,61600.39,37475.60,24416.28,7983.95,7703.99,61581.77,37456.49,24299.07,7972.86,7703.99,61634.19,37501.91,24515.04,7993.78,7703.99,61637.25,37505.50,24510.76,7995.41
2024-05-11,7695.78,61417.73,36871.41,25021.15,7554.69,7695.78,61408.76,36859.70,25021.15,7549.10,7695.78,61408.60,36854.75,25021.15,7544.26,7695.78,61394.94,36852.82,24957.31,7547.13,7695.78,61377.73,36841.07,24964.83,7549.12,7695.78,61385.68,36846.14,24961.72,7546.12,7695.78,61360.96,36818.88,24844.72,7535.10,7695.78,61422.96,36873.02,25049.64,7553.27,7695.78,61428.02,36879.43,25046.97,7556.10
2024-05-12,7625.14,60399.20,34515.79,25227.49,6096.02,7623.56,60393.18,34504.64,25227.49,6088.58,7624.75,60394.87,34511.92,25226.35,6094.34,7625.73,60387.12,34519.04,25183.33,6107.79,7624.75,60384.21,34514.42,25187.14,6103.52,7625.34,60381.03,34508.71,25187.14,6097.86,7624.31,60368.82,34497.72,25109.32,6090.12,7625.73,60399.48,34510.55,25243.55,6093.68,7625.34,60406.87,34528.48,25243.55,6110.91
2024-05-13,7563.35,59631.30,33403.38,24907.77,5754.12,7563.35,59629.64,33404.53,24908.95,5752.10,7563.35,59627.28,33405.85,24907.02,5756.15,7563.35,59622.22,33405.34,24858.25,5755.98,7563.35,59621.28,33395.65,24861.61,5748.65,7563.35,59622.34,33401.29,24859.92,5754.29,7563.35,59604.72,33396.24,24797.83,5752.08,7563.35,59634.03,33404.23,24928.67,5755.72,7563.45,59633.01,33413.85,24923.01,5764.20
2024-05-14,7567.56,59420.79,33230.71,24826.17,5732.68,7567.50,59417.27,33227.49,24812.58,5730.10,7567.50,59422.15,33233.20,24822.29,5731.27,7565.34,59407.88,33222.80,24776.87,5732.54,7565.34,59404.46,33219.11,24779.59,5730.16,7565.34,59402.26,33212.52,24776.87,5722.51,7565.34,59381.06,33215.69,24717.98,5735.54,7567.56,59421.22,33229.47,24842.17,5734.63,7567.56,59421.37,33232.32,24842.17,5735.32
2024-05-15,7567.07,59673.91,33513.04,24964.62,5755.45,7566.81,59673.73,33510.97,24963.58,5751.89,7567.07,59675.79,33509.60,24963.58,5748.65,7566.81,59663.88,33510.13,24924.08,5754.50,7566.81,59657.87,33499.86,24924.08,5748.17,7566.81,59654.59,33494.74,24924.08,5745.90,7566.81,59642.73,33501.54,24864.79,5750.20,7567.07,59691.50,33530.15,24982.50,5756.45,7567.07,59687.18,33525.07,24984.01,5756.50
2024-05-16,7581.23,59689.18,33628.42,25396.34,5821.15,7580.85,59684.34,33628.32,25388.86,5826.79,7581.13,59679.16,33621.54,25388.86,5823.68,7580.61,59661.67,33612.08,25356.12,5823.83,7580.31,59666.25,33617.26,25356.12,5821.39,7580.31,59664.80,33617.45,25356.12,5822.10,7580.99,59648.56,33610.99,25271.57,5817.91,7581.23,59693.31,33637.90,25414.18,5831.92,7581.23,59694.32,33631.63,25414.18,5822.32
2024-05-17,7671.04,59848.59,34314.91,25248.16,6337.30,7671.04,59843.07,34313.91,25248.16,6338.99,7671.04,59845.68,34310.60,25246.55,6332.07,7671.04,59828.04,34304.92,25201.71,6339.12,7671.04,59823.89,34299.64,25199.10,6333.91,7671.04,59820.01,34296.54,25199.10,6339.24,7671.04,59800.47,34286.89,25128.29,6332.82,7671.04,59850.45,34316.34,25269.02,6338.44,7671.04,59849.87,34317.61,25272.55,6338.96
2024-05-18,7647.31,60378.94,34647.31,25615.49,6207.87,7647.31,60376.14,34647.41,25615.49,6213.88,7647.31,60374.47,34645.22,25615.49,6205.71,7647.31,60365.89,34645.41,25612.17,6217.32,7647.31,60364.12,34640.30,25612.17,6210.00,7647.05,60365.23,34643.34,25612.17,6213.74,7646.52,60350.10,34623.93,25579.68,6198.41,7647.53,60381.30,34652.89,25615.49,6214.92,7647.53,60380.85,34655.31,25615.49,6213.93
2024-05-19,7638.34,59960.47,34259.08,25619.10,6184.31,7638.13,59958.37,34254.35,25619.10,6180.52,7638.13,59959.40,34255.47,25619.10,6177.27,7638.13,59942.81,34241.33,25619.10,6180.86,7638.13,59947.04,34251.10,25619.10,6186.01,7638.13,59946.01,34247.73,25619.10,6183.51,7635.53,59941.61,34241.95,25605.98,6170.96,7638.59,59959.60,34260.09,25619.10,6190.53,7639.30,59964.05,34257.30,25619.10,6174.92
2024-05-20,7672.12,60081.07,34684.38,25640.97,6534.35,7672.12,60080.67,34686.00,25637.81,6536.27,7672.12,60081.38,34684.46,25637.81,6534.53,7672.12,60079.90,34685.79,25610.86,6536.59,7672.12,60070.96,34674.49,25610.86,6533.91,7672.12,60079.00,34685.92,25610.86,6537.29,7672.12,60074.14,34681.08,25572.64,6533.72,7672.12,60077.90,34683.94,25650.46,6537.69,7672.12,60080.70,34686.93,25650.46,6538.00
2024-05-21,7685.55,60545.07,35619.40,25606.92,7038.52,7685.55,60543.24,35628.63,25606.63,7047.13,7685.55,60547.92,35633.45,25606.63,7048.06,7685.55,60545.42,35621.00,25586.23,7037.63,7685.55,60544.41,35621.44,25586.23,7039.29,7685.55,60544.06,35628.55,25586.23,7046.49,7685.55,60541.75,35623.52,25542.68,7043.98,7685.55,60548.59,35636.15,25623.31,7049.54,7685.55,60546.20,35633.76,25623.31,7049.05
2024-05-22,7684.61,60442.15,35415.91,25695.37,6922.93,7684.61,60442.27,35422.86,25695.37,6930.06,7684.61,60442.43,35418.24,25695.37,6926.21,7684.61,60444.43,35411.18,25695.37,6916.81,7684.61,60442.51,35410.20,25695.37,6918.27,7684.61,60444.27,35424.73,25695.37,6931.36,7684.61,60446.78,35418.36,25690.40,6922.98,7684.61,60441.32,35419.50,25695.37,6927.10,7684.61,60442.38,35402.85,25695.37,6908.74
2024-05-23,7694.38,61024.10,36479.67,25606.45,7457.70,7694.38,61023.91,36477.99,25606.45,7456.82,7694.38,61022.13,36473.47,25606.45,7454.51,7694.38,61018.86,36478.97,25589.33,7465.68,7694.38,61023.19,36474.44,25592.36,7457.35,7694.38,61020.80,36471.11,25590.83,7456.40,7694.38,61030.77,36479.88,25562.29,7459.24,7694.38,61020.62,36475.04,25612.55,7456.15,7694.38,61019.33,36473.84,25612.55,7454.21
2024-05-24,7703.99,61616.81,37547.76,25714.66,7977.61,7703.99,61636.08,37563.64,25714.66,7975.22,7703.99,61615.45,37545.94,25714.66,7978.37,7703.99,61651.32,37580.47,25713.02,7981.66,7703.99,61624.36,37554.57,25713.02,7983.17,7703.99,61661.67,37586.82,25713.02,7978.09,7703.99,61639.93,37557.78,25709.74,7979.02,7703.99,61634.68,37570.73,25716.32,7981.82,7703.99,61633.01,37560.49,25716.32,7970.34
2024-05-25,7694.54,60959.88,36515.32,25714.62,7542.32,7694.54,60974.28,36530.30,25714.62,7545.11,7694.54,60964.42,36513.19,25714.62,7537.89,7694.54,60995.35,36539.27,25714.62,7542.10,7694.54,60981.11,36521.01,25714.62,7540.10,7694.54,61007.36,36553.62,25714.62,7545.89,7694.54,61007.78,36542.57,25714.62,7545.21,7694.38,60976.94,36536.18,25714.62,7543.70,7694.38,60966.67,36524.31,25714.62,7541.55
2024-05-26,7684.09,60630.94,35623.87,25626.02,6958.31,7684.09,60651.43,35641.84,25626.02,6957.72,7684.09,60637.34,35632.36,25626.02,6962.57,7684.09,60674.32,35669.17,25639.17,6963.08,7684.09,60667.10,35648.58,25633.98,6958.07,7684.09,60681.35,35673.22,25633.98,6967.86,7685.42,60686.91,35671.06,25650.41,6972.11,7684.09,60649.32,35656.41,25621.17,6972.24,7684.09,60643.19,35645.93,25621.17,6964.58
2024-05-27,7673.32,60346.41,34873.01,25629.55,6406.36,7673.32,60366.73,34900.32,25629.55,6414.21,7673.51,60348.67,34882.66,25629.55,6415.42,7673.32,60381.49,34896.13,25629.55,6403.11,7673.90,60366.97,34893.20,25629.55,6417.33,7674.09,60384.66,34905.58,25629.55,6412.61,7675.02,60394.65,34902.65,25629.55,6416.47,7672.55,60363.99,34889.14,25629.55,6402.32,7671.37,60355.47,34877.22,25629.55,6396.51
2024-05-28,7555.44,59261.29,33161.97,25510.88,5757.38,7555.44,59288.04,33175.42,25515.49,5746.50,7555.44,59266.27,33159.77,25510.88,5754.84,7554.75,59295.60,33175.88,25515.49,5747.25,7555.71,59287.21,33163.80,25515.49,5748.13,7555.71,59302.97,33173.52,25515.49,5742.95,7554.53,59314.15,33167.29,25515.49,5747.00,7555.51,59275.35,33177.65,25515.49,5752.21,7555.10,59265.64,33167.59,25515.49,5749.43
2024-05-29,7532.12,58644.54,32630.91,25027.11,5664.16,7532.12,58658.79,32640.78,25030.96,5662.22,7532.12,58647.34,32629.68,25030.96,5664.69,7533.91,58688.36,32652.91,25086.63,5660.85,7533.91,58677.16,32638.17,25086.74,5660.54,7533.91,58694.34,32653.71,25086.74,5657.90,7533.97,58722.64,32657.71,25130.31,5662.58,7532.12,58649.36,32643.94,25000.36,5667.93,7532.12,58649.01,32645.21,25000.36,5661.43
2024-05-30,7602.22,59024.17,33485.31,24337.13,6028.77,7602.19,59052.80,33504.60,24350.44,6025.27,7602.19,59036.84,33490.71,24352.28,6024.07,7604.25,59091.62,33534.21,24445.70,6032.45,7604.51,59075.85,33517.99,24450.79,6034.84,7604.84,59096.67,33533.67,24450.79,6031.95,7606.85,59145.55,33560.01,24580.59,6038.65,7601.76,59033.99,33499.16,24276.55,6029.48,7601.76,59021.60,33484.09,24260.80,6018.92
2024-05-31,7671.04,59511.90,34173.90,23989.70,6344.07,7671.04,59545.12,34193.73,24001.28,6335.81,7671.04,59529.68,34183.95,24004.67,6342.75,7671.04,59602.14,34250.47,24146.46,6356.69,7671.04,59607.06,34251.56,24153.04,6361.33,7671.04,59613.82,34253.27,24159.41,6357.01,7671.52,59701.54,34339.40,24433.93,6394.72,7670.04,59511.50,34170.90,23915.55,6334.31,7670.04,59494.27,34150.84,23894.55,6317.91
2024-06-01,7682.46,59954.37,35160.35,24552.60,6970.04,7683.16,60002.09,35199.91,24576.73,6970.62,7683.16,59984.96,35178.76,24578.01,6966.87,7683.31,60065.68,35278.51,24751.41,7003.04,7683.31,60071.85,35263.28,24756.49,6992.68,7683.31,60089.39,35279.46,24758.63,6992.22,7687.24,60241.58,35437.52,24993.00,7032.46,7681.84,59949.18,35144.84,24436.42,6955.70,7681.84,59934.85,35137.07,24415.77,6956.85
2024-06-02,7694.14,60277.30,35706.86,24237.35,7231.82,7694.14,60316.64,35740.74,24272.61,7229.71,7694.14,60295.04,35733.07,24278.09,7244.90,7694.17,60375.32,35802.76,24574.64,7257.33,7694.17,60385.22,35802.94,24582.11,7256.27,7694.17,60405.70,35826.97,24585.21,7261.25,7696.08,60547.63,35972.51,24933.59,7307.78,7694.27,60270.67,35715.92,24086.57,7234.98,7694.11,60253.00,35698.22,24086.57,7227.05
2024-06-03,7694.44,60597.10,36195.00,24607.59,7431.17,7694.57,60643.56,36233.79,24632.98,7429.49,7694.57,60625.18,36223.34,24636.72,7438.64,7696.70,60723.03,36307.94,24921.18,7451.82,7696.70,60736.48,36310.60,24922.84,7454.72,7696.70,60751.42,36323.84,24932.92,7453.58,7700.23,60957.86,36525.47,25378.82,7493.81,7694.05,60566.78,36167.91,24468.88,7420.85,7694.05,60550.49,36152.28,24468.55,7413.38
2024-06-04,7692.28,60307.24,35795.42,24206.91,7279.92,7693.28,60357.81,35838.43,24249.29,7286.46,7693.28,60340.64,35813.55,24257.19,7279.12,7692.28,60417.91,35884.18,24569.58,7302.48,7692.35,60431.87,35899.40,24571.03,7312.34,7692.35,60449.39,35913.73,24571.81,7309.36,7694.99,60694.90,36145.59,25119.29,7355.07,7693.24,60288.38,35781.92,24022.73,7277.29,7693.37,60278.67,35773.00,24022.73,7271.22
2024-06-05,7704.83,61241.56,37448.49,22929.35,8104.35,7704.83,61266.60,37462.99,23019.45,8105.82,7704.83,61271.00,37464.52,23028.48,8103.18,7704.83,61359.04,37547.84,23677.71,8125.81,7705.50,61415.30,37592.92,23677.53,8125.70,7705.50,61380.62,37561.65,23681.51,8129.13,7708.32,61649.43,37800.63,24393.99,8153.99,7704.83,61186.91,37396.43,22542.58,8095.74,7704.83,61173.75,37383.48,22541.74,8088.82
2024-06-06,7711.43,61857.80,38495.98,22015.00,8583.90,7711.43,61883.92,38518.63,22113.24,8591.17,7711.43,61896.23,38527.87,22119.59,8588.35,7711.73,61949.73,38578.11,23102.71,8615.74,7711.73,61994.37,38620.24,23085.76,8618.27,7711.73,61982.91,38606.55,23092.75,8616.04,7711.91,62225.88,38823.32,24239.84,8662.04,7710.60,61823.92,38458.40,21502.69,8568.22,7710.55,61828.71,38471.56,21533.68,8568.38
2024-06-07,7711.91,62118.99,38965.18,22265.43,8810.72,7711.91,62181.40,39021.12,22346.56,8814.61,7711.91,62182.90,39022.72,22358.44,8814.61,7711.91,62289.89,39123.27,23534.33,8842.72,7711.91,62290.17,39119.90,23496.47,8842.11,7711.91,62308.64,39137.17,23504.31,8841.95,7716.37,62517.66,39279.04,24667.94,8857.43,7711.91,62056.55,38912.26,21624.30,8805.47,7711.73,62052.66,38908.81,21671.72,8802.58
2024-06-08,7708.82,61840.38,38492.21,23171.42,8583.54,7708.70,61881.97,38520.73,23252.38,8578.14,7708.70,61885.43,38527.78,23267.69,8582.47,7709.76,61954.44,38592.00,24330.53,8613.02,7709.76,61973.99,38606.55,24278.13,8613.70,7709.76,61974.37,38612.21,24289.38,8619.24,7710.36,62137.19,38733.50,25332.30,8653.53,7707.01,61762.52,38409.13,22441.82,8565.32,7707.21,61741.76,38392.88,22507.03,8563.81
2024-06-09,7685.73,60615.37,36031.20,23931.13,7224.57,7685.73,60667.53,36084.51,24007.74,7225.98,7685.73,60669.57,36089.37,24018.01,7231.53,7687.58,60754.04,36189.65,24811.28,7281.00,7687.58,60777.95,36223.76,24763.84,7300.54,7687.58,60778.32,36213.67,24785.30,7290.64,7691.41,61032.20,36472.28,25641.17,7363.70,7685.20,60534.11,35926.93,23357.43,7190.88,7685.20,60514.61,35916.47,23390.00,7192.22
2024-06-10,7628.84,60072.50,34570.89,23627.49,6225.59,7630.76,60106.27,34605.59,23695.36,6231.42,7629.77,60105.78,34600.19,23712.14,6226.78,7636.54,60191.01,34676.78,24590.62,6254.36,7637.63,60216.58,34703.82,24568.48,6262.34,7637.53,60220.26,34711.34,24575.47,6266.19,7650.39,60425.03,34872.67,25397.98,6296.23,7621.43,59980.55,34480.08,23062.13,6210.34,7621.24,59953.28,34453.62,23066.13,6205.55
2024-06-11,7563.91,59505.67,33697.82,22916.25,5859.93,7563.82,59553.86,33748.87,23020.68,5868.50,7563.82,59556.10,33747.43,23022.68,5865.57,7567.50,59706.70,33877.04,23922.79,5879.70,7569.66,59733.51,33894.06,23911.79,5879.40,7569.66,59734.47,33895.65,23917.86,5879.68,7575.32,59998.95,34119.44,24895.79,5891.89,7562.74,59418.21,33624.32,22180.14,5849.80,7559.93,59391.16,33606.30,22183.57,5854.95
2024-06-12,7562.87,59440.00,33592.41,22411.85,5815.30,7563.82,59481.67,33628.89,22531.28,5815.55,7563.82,59486.41,33632.88,22541.48,5815.34,7565.30,59621.96,33746.72,23607.54,5829.74,7565.30,59652.84,33770.07,23594.21,5832.27,7565.30,59653.17,33771.09,23607.54,5832.90,7573.73,59956.27,34019.30,24825.42,5847.34,7557.51,59345.85,33500.45,21599.32,5800.36,7557.06,59319.83,33491.48,21615.51,5805.39
2024-06-13,7550.71,59233.99,33307.44,23563.74,5746.26,7550.71,59265.62,33330.84,23652.26,5746.23,7550.79,59266.28,33330.55,23660.36,5746.85,7551.83,59360.38,33401.92,24641.28,5758.48,7553.69,59398.46,33428.87,24641.28,5760.86,7553.69,59396.15,33427.08,24644.05,5761.87,7555.82,59615.54,33571.41,25443.62,5769.67,7547.13,59151.34,33240.69,22952.72,5742.29,7547.13,59114.50,33217.56,22960.38,5746.01
2024-06-14,7538.71,59001.36,33096.47,24252.40,5714.69,7539.50,59064.22,33145.31,24353.61,5711.28,7539.50,59062.72,33140.53,24360.25,5709.21,7544.34,59164.96,33204.68,24976.17,5713.88,7543.37,59181.40,33215.51,24978.39,5719.34,7543.37,59185.80,33225.07,24987.08,5724.70,7547.71,59397.32,33363.60,25479.80,5732.77,7538.71,58935.35,33041.26,23606.41,5705.20,7538.99,58902.22,33027.22,23594.11,5707.40
2024-06-15,7563.22,58928.44,33197.20,23457.23,5777.52,7567.00,58971.90,33227.02,23576.18,5780.04,7567.00,58976.04,33228.56,23587.82,5778.19,7569.20,59054.83,33283.89,24523.21,5788.87,7569.20,59077.83,33304.39,24532.48,5794.15,7569.20,59077.83,33305.72,24545.84,5796.55,7572.88,59280.80,33429.71,25212.60,5803.42,7560.10,58854.76,33131.21,22822.18,5771.65,7560.91,58836.86,33128.99,22797.86,5770.96
2024-06-16,7577.85,59534.84,33797.38,23092.72,5886.56,7578.21,59566.44,33829.12,23229.42,5898.34,7578.60,59566.02,33823.78,23233.28,5888.86,7582.36,59694.18,33924.31,24289.34,5902.04,7582.36,59728.71,33953.55,24305.53,5908.32,7582.57,59730.24,33956.89,24308.17,5910.20,7589.18,60014.82,34178.82,25089.74,5935.08,7574.59,59448.31,33727.53,22238.64,5883.56,7574.52,59403.14,33693.39,22200.61,5881.49
2024-06-17,7679.62,59483.89,34782.42,21998.23,6926.11,7680.15,59530.06,34816.15,22169.60,6923.39,7680.15,59526.44,34805.99,22176.77,6917.27,7680.15,59624.65,34891.90,23441.00,6939.67,7680.15,59645.24,34909.17,23447.19,6943.16,7680.15,59650.70,34922.02,23452.69,6950.85,7682.14,59933.94,35160.38,24681.25,6987.85,7679.58,59391.11,34690.55,21190.05,6910.15,7676.85,59348.98,34650.51,21138.10,6898.92
2024-06-18,7689.61,60504.60,35919.59,20739.98,7167.45,7690.76,60538.31,35943.44,20965.38,7163.69,7690.76,60539.76,35947.51,20985.79,7167.77,7693.29,60642.72,36054.10,22417.43,7210.22,7693.46,60698.65,36104.40,22422.21,7223.36,7693.33,60705.40,36113.71,22434.88,7225.97,7697.39,60950.60,36348.73,24050.38,7295.12,7689.54,60429.53,35815.24,19615.55,7123.66,7689.54,60401.11,35785.64,19546.12,7112.48
2024-06-19,7698.20,61031.90,36848.62,20336.73,7638.64,7698.97,61088.42,36899.64,20583.28,7645.51,7700.04,61087.03,36901.29,20609.68,7650.15,7702.22,61230.30,37049.65,22373.09,7703.20,7702.22,61273.06,37095.36,22384.54,7715.95,7702.22,61272.85,37088.46,22395.91,7710.80,7702.33,61554.51,37352.15,24258.65,7783.87,7697.48,60953.19,36730.53,19045.40,7587.67,7697.48,60928.52,36722.08,19000.18,7593.70
2024-06-20,7704.74,61587.12,37870.71,20000.93,8164.43,7704.88,61631.57,37906.76,20269.01,8170.11,7704.88,61621.61,37892.97,20304.25,8167.68,7705.01,61752.22,38043.79,22369.57,8226.78,7705.01,61780.47,38069.61,22378.43,8233.98,7705.35,61779.32,38067.55,22398.32,8234.03,7705.11,61991.63,38263.46,24475.44,8299.28,7704.74,61500.75,37763.58,18526.54,8130.22,7704.95,61463.70,37734.86,18471.00,8124.76
2024-06-21,7709.56,61853.86,38467.42,19941.02,8517.41,7709.56,61877.85,38493.44,20241.24,8528.98,7709.56,61877.81,38485.75,20253.75,8522.84,7710.40,61984.42,38613.96,22650.06,8580.96,7710.50,62006.23,38627.93,22652.00,8583.28,7710.70,62003.97,38621.59,22671.26,8580.28,7710.67,62214.47,38817.43,24785.45,8656.98,7708.70,61790.83,38374.96,18239.93,8475.61,7708.91,61778.63,38370.19,18171.96,8472.26
2024-06-22,7710.00,61874.20,38539.18,20005.22,8571.75,7710.00,61890.83,38558.42,20334.96,8580.24,7710.00,61892.95,38547.06,20355.00,8568.12,7710.40,61990.70,38659.10,22959.90,8623.51,7710.40,62014.78,38690.61,22951.01,8633.43,7710.60,62012.11,38684.43,22957.97,8630.54,7710.67,62221.00,38857.35,25056.13,8692.54,7709.56,61806.05,38436.33,18099.22,8516.81,7709.76,61772.66,38412.16,18033.32,8523.51
2024-06-23,7705.01,61723.34,38236.58,20318.34,8410.20,7707.01,61744.41,38265.30,20616.26,8421.55,7707.01,61750.97,38273.78,20623.54,8424.43,7709.56,61874.18,38434.85,23392.49,8501.18,7709.56,61881.96,38446.01,23376.23,8506.53,7709.76,61888.72,38459.85,23388.80,8514.49,7710.16,62105.40,38646.71,25360.55,8587.58,7705.01,61644.15,38148.63,18265.28,8380.30,7705.01,61616.64,38110.73,18259.88,8369.07
2024-06-24,7702.65,61241.28,37353.46,20777.98,7950.81,7702.65,61260.41,37365.45,21026.30,7951.91,7702.65,61263.33,37367.73,21029.57,7952.64,7703.96,61394.83,37551.45,23686.48,8051.84,7703.96,61404.70,37554.72,23648.17,8048.55,7703.96,61406.78,37554.89,23649.95,8047.39,7704.74,61744.80,37877.25,25460.86,8131.49,7702.53,61130.36,37231.99,18589.76,7908.76,7702.53,61095.53,37194.63,18655.01,7904.19
2024-06-25,7684.12,60440.79,35537.14,21430.10,6821.67,7684.12,60461.22,35573.80,21626.96,6854.80,7684.12,60461.55,35571.06,21626.96,6852.79,7684.78,60573.59,35734.65,24049.19,6949.30,7684.82,60592.22,35724.06,23994.99,6933.68,7684.82,60590.13,35726.23,23996.68,6938.21,7687.71,60913.62,36046.98,25556.49,7033.79,7680.63,60376.73,35419.84,19261.21,6782.07,7681.68,60349.27,35402.10,19347.32,6785.59
2024-06-26,7556.91,59246.03,33444.53,22003.70,5817.80,7556.44,59269.77,33453.03,22223.20,5816.91,7556.44,59269.12,33452.96,22232.31,5816.44,7557.31,59358.76,33524.67,24125.92,5835.93,7558.12,59381.68,33521.73,24103.37,5826.96,7558.12,59384.09,33528.30,24100.97,5830.86,7568.44,59631.03,33697.74,25387.21,5847.39,7554.59,59197.77,33402.57,20195.33,5809.50,7556.26,59163.61,33379.64,20265.12,5809.82
2024-06-27,7583.45,59263.96,33805.33,21497.07,6016.50,7585.55,59291.52,33823.24,21704.37,6018.33,7583.55,59289.19,33820.10,21701.31,6020.51,7604.60,59481.59,34020.06,23670.45,6084.20,7604.49,59493.90,34021.44,23670.45,6083.54,7604.24,59487.47,34020.74,23658.19,6085.63,7621.04,59818.82,34309.07,25025.09,6151.64,7574.38,59176.69,33698.08,19790.91,5974.43,7575.16,59140.62,33670.68,19802.90,5974.70
2024-06-28,7678.55,59891.57,35111.15,20630.08,6785.65,7680.63,59916.39,35117.74,20877.74,6783.29,7680.63,59917.29,35128.40,20871.37,6793.75,7681.82,60093.15,35358.67,23212.43,6886.51,7681.68,60100.37,35361.10,23218.28,6887.42,7681.68,60096.26,35359.94,23205.11,6890.50,7684.89,60424.38,35650.81,24884.04,6994.92,7675.55,59769.28,34937.07,18919.82,6702.51,7675.55,59727.59,34891.18,18904.89,6699.78
2024-06-29,7684.72,59973.52,35390.69,20736.27,6974.84,7684.72,60000.72,35405.88,21015.35,6972.26,7684.72,59998.20,35411.27,20998.87,6979.77,7685.59,60182.21,35592.97,23358.08,7044.13,7685.59,60191.79,35603.56,23375.89,7051.90,7685.59,60192.08,35601.45,23358.08,7046.98,7689.02,60484.14,35875.03,25059.69,7132.92,7681.68,59861.79,35256.45,18844.81,6914.56,7681.68,59823.92,35224.53,18824.53,6915.94
2024-06-30,7696.44,60342.19,36090.70,20574.78,7456.07,7696.44,60360.68,36110.28,20858.02,7466.73,7696.44,60359.48,36105.51,20843.25,7463.01,7699.01,60509.66,36260.10,23292.24,7519.53,7699.17,60527.35,36267.94,23333.05,7518.21,7699.01,60524.34,36268.05,23311.73,7520.09,7701.20,60858.99,36561.69,25024.36,7579.73,7694.26,60244.05,35965.76,18441.07,7391.49,7694.26,60208.68,35928.91,18398.01,7388.01
2024-07-01,7704.80,60858.85,36896.22,19744.89,7812.84,7704.80,60858.41,36889.08,20066.71,7815.59,7704.73,60853.79,36886.67,20016.41,7814.72,7704.96,60996.76,37009.50,22657.53,7850.57,7704.96,61015.79,37021.67,22749.10,7854.10,7705.16,61002.43,37013.41,22690.15,7853.62,7705.01,61277.86,37218.18,24662.33,7897.40,7704.29,60673.38,36711.43,17404.04,7793.23,7704.29,60649.82,36692.57,17369.80,7792.27
2024-07-02,7710.25,61566.71,37921.01,18625.83,8218.14,7710.25,61573.60,37922.44,18973.42,8216.59,7710.25,61554.72,37911.31,18909.66,8221.15,7710.25,61720.99,38054.77,21878.23,8253.60,7710.25,61742.73,38072.20,21968.65,8259.10,7710.46,61730.30,38063.36,21910.25,8257.49,7711.17,61936.56,38180.83,24321.07,8289.15,7709.81,61388.95,37736.52,16039.99,8192.46,7709.81,61359.39,37711.15,15991.15,8190.19
2024-07-03,7710.33,62081.91,38779.18,18200.73,8629.05,7710.33,62085.24,38787.12,18610.98,8636.24,7710.33,62078.20,38779.97,18518.13,8631.86,7711.56,62167.84,38884.17,21851.02,8701.09,7711.56,62188.34,38893.63,21996.82,8699.52,7711.56,62184.18,38890.29,21907.48,8692.87,7714.96,62443.88,39069.83,24486.81,8761.62,7710.16,61957.71,38636.71,15380.50,8580.45,7710.16,61936.86,38621.81,15306.27,8582.97
2024-07-04,7709.61,61939.21,38409.92,18839.31,8377.95,7709.61,61939.48,38418.01,19230.44,8390.54,7709.61,61925.76,38403.72,19125.05,8386.72,7710.36,62035.92,38540.08,22498.01,8471.34,7710.36,62052.80,38563.36,22667.49,8486.53,7710.36,62036.97,38543.69,22561.91,8476.35,7710.88,62279.71,38728.74,24892.13,8571.60,7708.70,61821.65,38276.96,15846.50,8325.59,7708.70,61815.21,38280.42,15761.76,8330.13
2024-07-05,7708.70,61853.73,38262.30,19103.42,8301.12,7709.56,61850.96,38278.88,19505.30,8314.11,7708.70,61843.89,38281.71,19398.03,8317.64,7710.26,61944.79,38394.51,22730.57,8397.26,7710.26,61967.19,38409.44,22954.92,8399.39,7710.26,61946.30,38391.61,22822.42,8393.91,7710.16,62198.77,38572.82,24973.96,8484.08,7707.01,61696.88,38113.67,15959.57,8263.53,7707.01,61689.20,38111.56,15909.66,8262.27
2024-07-06,7704.74,61614.60,37779.13,19446.96,8007.46,7704.74,61622.55,37786.39,19883.10,8015.39,7704.74,61609.88,37776.34,19719.51,8010.69,7705.21,61741.74,37935.80,23023.48,8097.66,7705.01,61758.29,37948.26,23252.65,8103.93,7705.01,61741.00,37937.03,23129.35,8098.85,7705.11,62018.52,38100.16,25227.23,8158.85,7704.17,61417.81,37566.54,16311.26,7950.87,7704.17,61398.70,37558.19,16214.36,7955.69
2024-07-07,7701.65,61298.55,37184.83,19788.21,7700.11,7701.65,61296.93,37185.87,20210.50,7705.46,7701.65,61287.25,37182.76,20026.29,7707.74,7702.75,61415.65,37341.56,23297.21,7801.74,7702.64,61440.27,37362.93,23498.16,7807.86,7702.64,61415.16,37351.46,23378.26,7809.43,7703.22,61708.67,37542.57,25338.78,7882.04,7701.78,61115.59,36993.26,16749.90,7650.70,7701.78,61105.96,36989.96,16627.42,7651.41
2024-07-08,7691.78,60871.34,36273.91,20244.23,7166.34,7691.98,60869.76,36283.40,20670.91,7181.81,7692.00,60859.13,36265.67,20510.61,7171.69,7692.48,61016.72,36473.29,23560.64,7283.26,7692.48,61039.29,36513.35,23747.84,7310.35,7692.48,61011.36,36483.48,23630.64,7294.76,7693.35,61304.06,36711.04,25404.03,7397.42,7688.24,60727.17,36104.06,17342.12,7084.95,7688.24,60720.68,36101.17,17205.40,7084.01
2024-07-09,7600.79,59920.39,34331.93,21148.76,6034.80,7600.81,59931.40,34338.41,21456.14,6044.47,7597.69,59919.21,34331.05,21327.49,6046.71,7611.44,60042.02,34428.80,23758.76,6095.70,7612.50,60068.70,34457.15,23915.10,6108.31,7612.34,60045.84,34433.60,23823.31,6093.86,7616.79,60275.85,34530.86,25205.99,6127.89,7591.12,59781.03,34204.43,18601.38,5997.57,7590.28,59778.75,34209.50,18472.98,6002.41
2024-07-10,7554.28,59093.09,33310.74,21040.41,5760.09,7553.31,59099.68,33311.85,21304.95,5763.91,7554.28,59097.59,33316.65,21171.49,5765.76,7555.45,59211.41,33347.29,23379.85,5759.58,7555.45,59231.86,33363.29,23531.16,5769.53,7555.45,59215.28,33355.36,23439.79,5767.63,7555.72,59430.42,33441.48,24764.01,5776.75,7548.11,58938.50,33186.92,18910.46,5743.27,7545.75,58928.62,33178.43,18795.04,5740.42
2024-07-11,7569.67,59471.21,33743.36,20339.27,5809.59,7569.63,59479.89,33758.92,20637.54,5813.09,7569.63,59470.70,33753.36,20502.75,5812.57,7571.72,59668.69,33842.14,22799.71,5819.99,7571.58,59693.63,33856.06,23003.02,5827.42,7571.50,59677.60,33845.09,22879.67,5819.18,7575.60,59931.25,34007.05,24552.78,5838.90,7564.04,59288.46,33589.34,18220.63,5795.65,7564.04,59288.54,33593.37,18084.31,5793.29
2024-07-12,7605.22,60186.88,34627.60,19743.20,6021.00,7605.22,60200.05,34634.02,20051.58,6033.13,7605.22,60194.42,34619.93,19899.75,6021.91,7619.68,60363.02,34715.26,22389.57,6069.83,7619.84,60374.51,34726.66,22604.31,6082.65,7619.44,60357.28,34709.69,22461.73,6067.77,7625.95,60586.29,34837.37,24383.64,6109.55,7599.17,60042.90,34478.91,17274.16,5975.07,7598.99,60040.85,34479.13,17113.69,5975.34
2024-07-13,7630.79,60437.35,34867.48,20444.98,6095.31,7630.68,60443.36,34863.73,20731.40,6100.22,7630.54,60423.94,34852.18,20587.71,6099.99,7632.46,60562.40,34914.01,23061.11,6116.55,7633.40,60574.95,34921.94,23248.34,6120.97,7632.37,60558.42,34915.90,23112.43,6119.68,7644.06,60811.64,35072.01,24787.58,6156.84,7623.57,60290.58,34733.17,17875.49,6069.45,7623.54,60283.19,34731.57,17718.46,6069.47
2024-07-14,7684.17,60865.96,35545.95,20341.88,6452.92,7684.11,60867.85,35538.99,20616.35,6451.58,7684.31,60866.55,35537.42,20442.54,6443.70,7684.65,60969.82,35609.63,23005.78,6490.35,7684.65,60984.74,35625.23,23231.37,6494.68,7684.65,60953.59,35596.22,23064.68,6485.70,7685.86,61200.56,35777.50,24740.81,6550.41,7682.04,60702.51,35362.30,17703.51,6392.72,7681.85,60692.15,35360.49,17527.99,6397.56
2024-07-15,7690.24,61063.02,36203.04,20301.90,6999.05,7690.21,61054.89,36203.66,20586.66,7010.95,7690.21,61048.19,36178.16,20405.18,6989.51,7690.78,61148.29,36316.30,22970.55,7073.55,7690.78,61156.43,36334.73,23200.24,7085.53,7690.78,61137.95,36329.96,23014.96,7091.61,7692.92,61389.58,36529.81,24772.01,7170.95,7689.74,60890.39,35999.30,17632.19,6922.11,7689.72,60880.90,35993.25,17461.76,6921.23
2024-07-16,7695.18,61290.30,36872.00,20967.72,7480.86,7695.18,61275.19,36858.14,21194.43,7476.36,7694.77,61265.62,36839.66,21028.56,7467.39,7695.18,61372.24,36949.65,23351.22,7528.95,7695.18,61393.13,36984.16,23524.87,7546.43,7695.18,61365.29,36966.43,23378.16,7545.05,7696.52,61628.81,37175.13,24949.95,7629.88,7692.58,61100.36,36676.57,18485.04,7426.95,7692.58,61099.69,36667.57,18346.56,7415.94
2024-07-17,7704.17,61388.74,37265.42,20978.50,7763.26,7704.17,61372.29,37255.41,21197.11,7768.23,7704.17,61367.75,37247.99,21036.88,7763.10,7704.17,61465.96,37318.65,23292.18,7803.75,7704.37,61474.03,37330.58,23458.98,7808.85,7704.17,61455.01,37315.94,23293.54,7802.06,7704.74,61724.41,37499.86,24927.13,7854.20,7703.12,61215.40,37092.52,18575.56,7715.36,7703.12,61211.55,37093.63,18445.91,7717.97
2024-07-18,7704.41,61698.05,37869.32,20969.53,8080.54,7704.41,61681.94,37865.22,21194.93,8085.82,7704.41,61665.37,37844.89,21027.29,8078.93,7704.74,61779.72,37958.40,23458.18,8143.29,7704.99,61771.93,37957.53,23606.16,8148.00,7704.86,61762.51,37949.09,23441.89,8138.43,7704.84,62011.89,38131.15,25123.58,8212.58,7703.57,61513.37,37666.17,18559.14,8014.70,7703.57,61507.85,37666.40,18420.37,8018.83
2024-07-19,7705.11,61855.83,38223.48,20607.84,8287.69,7705.11,61840.35,38221.02,20859.09,8287.07,7705.11,61834.72,38207.91,20682.34,8279.36,7705.11,61931.45,38302.74,23373.13,8343.19,7705.22,61929.06,38316.25,23547.20,8351.92,7705.31,61905.78,38304.62,23332.69,8351.24,7708.86,62146.99,38467.62,25078.42,8424.12,7705.01,61691.85,38068.43,18021.94,8244.76,7705.01,61691.16,38066.58,17896.73,8242.58
2024-07-20,7710.67,62093.10,38677.65,20749.30,8540.34,7710.50,62083.03,38682.28,20991.39,8548.53,7710.50,62083.48,38675.91,20798.73,8542.97,7710.67,62161.87,38792.94,23694.62,8628.96,7710.67,62159.94,38814.32,23871.25,8645.19,7710.88,62141.48,38788.91,23635.54,8626.34,7715.31,62422.55,38992.65,25390.25,8703.50,7710.16,61938.51,38511.86,17963.13,8467.41,7710.16,61930.64,38506.61,17826.83,8469.40
2024-07-21,7710.40,61965.99,38415.38,21110.59,8382.15,7710.40,61925.52,38391.31,21339.18,8381.86,7710.40,61925.03,38390.07,21178.12,8381.33,7710.50,62048.95,38520.58,24025.51,8448.01,7711.08,62034.17,38524.42,24156.65,8455.97,7711.28,62017.19,38509.76,23943.69,8446.68,7711.91,62274.19,38740.79,25665.00,8574.80,7710.00,61814.36,38275.43,18145.86,8336.37,7710.00,61814.08,38279.52,17999.58,8339.70
2024-07-22,7708.61,61773.53,38128.75,21135.31,8244.22,7708.61,61759.49,38119.43,21345.87,8239.87,7708.61,61751.73,38113.50,21191.43,8241.05,7710.00,61882.38,38229.79,24027.08,8288.84,7710.00,61866.01,38227.29,24131.59,8288.09,7710.21,61849.65,38214.36,23889.48,8280.92,7710.60,62097.03,38357.10,25665.67,8341.48,7707.01,61588.02,37955.07,18149.57,8206.83,7707.01,61587.74,37957.25,18012.62,8208.54
2024-07-23,7702.53,61286.29,37186.05,21355.91,7736.18,7702.65,61247.95,37163.23,21521.56,7740.26,7702.65,61254.11,37165.60,21397.02,7738.75,7704.06,61388.49,37313.22,24047.07,7816.29,7704.06,61367.14,37309.77,24105.90,7818.86,7703.83,61336.28,37284.44,23884.49,7810.99,7704.17,61652.35,37520.23,25527.01,7886.58,7702.06,61060.45,36956.90,18471.71,7679.09,7702.06,61065.35,36955.94,18346.70,7673.87
2024-07-24,7678.22,60252.19,35108.04,21763.39,6539.83,7678.22,60236.87,35089.62,21884.99,6531.63,7678.22,60237.94,35084.16,21798.39,6528.62,7680.50,60383.40,35275.64,24154.28,6682.67,7680.50,60351.13,35268.68,24168.04,6682.78,7680.50,60325.04,35240.68,23972.72,6661.30,7684.75,60607.19,35525.64,25476.61,6811.92,7674.54,60039.25,34854.01,19082.31,6440.02,7674.54,60044.89,34860.33,18984.73,6443.52
2024-07-25,7691.23,60729.98,36163.21,21279.74,7071.93,7691.11,60709.07,36144.82,21337.92,7076.76,7691.11,60717.22,36147.79,21296.26,7077.08,7692.35,60931.20,36279.03,23631.14,7143.97,7692.30,60892.94,36255.22,23614.79,7138.22,7692.30,60846.80,36224.23,23405.34,7129.60,7693.31,61245.74,36520.70,25071.08,7223.65,7687.06,60485.79,35895.17,18705.88,7000.91,7687.06,60497.40,35904.19,18621.31,7000.98
2024-07-26,7692.48,60754.98,36257.01,21372.29,7168.95,7692.35,60745.96,36235.76,21425.50,7168.45,7692.35,60765.38,36256.10,21394.78,7177.69,7692.39,60977.96,36385.38,23682.75,7231.55,7692.48,60905.59,36322.04,23611.95,7214.68,7692.35,60854.92,36286.47,23393.72,7208.92,7693.81,61262.35,36580.18,25098.85,7300.31,7687.89,60572.36,36054.39,18797.15,7103.89,7687.89,60573.46,36055.55,18757.99,7101.61
2024-07-27,7692.58,61022.56,36580.90,21592.57,7321.36,7692.53,60962.52,36536.18,21593.40,7321.90,7692.53,60988.84,36551.86,21596.33,7322.13,7693.81,61167.41,36717.77,23847.72,7405.09,7693.76,61082.31,36655.60,23710.59,7383.33,7693.84,61027.13,36607.02,23505.03,7367.47,7696.80,61452.73,36964.67,25179.79,7514.26,7690.22,60739.60,36277.52,19018.86,7241.90,7690.26,60749.22,36288.14,19011.74,7248.45
2024-07-28,7699.92,61342.84,37165.54,21247.84,7663.15,7699.82,61295.90,37128.47,21197.63,7650.05,7699.92,61325.00,37153.94,21247.84,7662.88,7701.75,61436.04,37260.74,23569.86,7725.58,7701.75,61357.95,37213.63,23362.99,7709.06,7700.68,61323.39,37187.55,23063.49,7696.49,7701.75,61650.52,37423.72,25071.54,7804.96,7696.80,61089.36,36910.66,18404.90,7592.56,7696.80,61104.77,36911.98,18417.43,7588.45
2024-07-29,7702.22,61437.58,37415.41,21132.22,7860.09,7702.22,61373.56,37369.76,20997.11,7850.46,7702.22,61419.73,37410.63,21099.89,7865.44,7702.64,61571.56,37587.25,23414.38,7958.43,7702.37,61467.84,37497.99,23100.27,7922.24,7702.22,61410.59,37439.95,22723.07,7895.79,7703.95,61831.76,37788.37,25026.28,8032.80,7701.75,61208.11,37198.38,18210.64,7799.94,7701.75,61225.15,37209.93,18247.57,7806.55
2024-07-30,7704.74,61685.01,37717.32,21007.03,7955.58,7704.74,61608.58,37669.74,20793.09,7947.62,7704.74,61661.79,37704.10,20975.43,7956.33,7704.74,61792.85,37830.36,23387.18,8026.34,7704.74,61692.66,37767.28,22863.66,7998.23,7704.74,61633.65,37711.39,22466.83,7973.47,7705.13,62013.87,38011.76,25024.75,8113.01,7704.17,61417.77,37477.97,18065.41,7905.01,7704.17,61440.83,37489.88,18167.93,7909.45
2024-07-31,7702.83,61748.04,37927.10,21305.35,8091.46,7702.83,61669.65,37872.95,20999.07,8075.84,7702.83,61729.21,37914.51,21261.65,8089.52,7703.49,61859.02,38031.27,23690.17,8159.09,7703.24,61709.16,37929.95,23056.73,8119.32,7702.83,61666.24,37909.35,22580.93,8108.53,7704.50,62092.13,38211.29,25293.46,8244.73,7702.36,61516.05,37707.33,18210.97,8018.36,7702.48,61539.01,37722.47,18356.41,8024.33
2024-08-01,7702.76,61465.97,37481.80,21883.16,7887.94,7702.65,61303.02,37347.79,21530.96,7875.16,7702.76,61439.68,37467.70,21841.27,7889.86,7704.31,61599.78,37651.92,24184.15,7981.57,7703.12,61365.67,37442.30,23470.47,7926.12,7702.65,61294.00,37374.92,23000.11,7898.98,7704.37,61905.24,37877.40,25555.37,8072.79,7702.11,61212.87,37255.95,18743.53,7826.54,7702.11,61232.12,37268.90,18951.62,7833.25
2024-08-02,7702.11,61237.49,37179.07,21888.43,7765.58,7701.65,61032.12,36989.46,21454.71,7734.27,7702.11,61222.39,37166.69,21850.10,7762.35,7702.89,61394.68,37345.06,24201.21,7836.00,7702.11,61074.09,37076.85,23333.19,7793.88,7702.11,61013.74,37024.81,22818.79,7774.29,7704.17,61669.35,37529.03,25595.28,7917.89,7699.50,60908.41,36860.16,18678.88,7685.50,7699.50,60957.28,36899.86,18920.45,7689.32
2024-08-03,7702.11,61279.52,37200.36,21734.93,7747.43,7702.27,61088.81,37032.18,21163.58,7719.89,7702.11,61272.89,37202.11,21670.88,7749.07,7702.76,61436.33,37365.08,24126.70,7824.87,7702.11,61125.36,37101.68,22955.96,7766.59,7702.11,61060.98,37056.10,22347.48,7751.11,7703.95,61731.32,37559.87,25591.91,7902.33,7701.65,60965.11,36904.58,18219.69,7670.95,7701.65,61017.16,36950.51,18582.08,7679.39
2024-08-04,7695.17,60966.72,36629.70,22038.79,7449.35,7694.25,60776.38,36458.38,21359.74,7413.68,7695.17,60946.82,36607.64,21956.44,7442.03,7701.60,61144.75,36844.33,24306.50,7557.31,7696.15,60801.05,36528.32,23040.35,7471.84,7692.12,60738.78,36472.09,22388.18,7445.99,7701.65,61444.10,37072.76,25650.68,7651.30,7691.27,60679.98,36352.29,18450.67,7361.34,7692.12,60719.04,36383.12,18878.29,7368.92
2024-08-05,7685.12,60453.54,35704.89,22213.77,6972.98,7684.72,60296.59,35565.53,21446.20,6931.21,7685.12,60460.09,35711.90,22122.50,6968.81,7687.06,60608.52,35856.71,24347.76,7039.38,7685.06,60321.27,35617.69,23011.14,6972.37,7682.30,60272.59,35560.74,22300.25,6934.72,7689.02,60892.81,36047.72,25617.05,7100.02,7681.68,60210.40,35470.75,18631.51,6881.04,7682.30,60248.99,35502.10,19138.38,6893.65
2024-08-06,7638.98,59902.86,34519.21,21953.71,6235.39,7628.03,59705.31,34353.44,21082.11,6213.38,7637.93,59895.88,34519.35,21842.48,6238.35,7654.88,60048.49,34641.70,24098.31,6296.57,7634.85,59728.29,34381.71,22494.13,6224.54,7625.43,59675.99,34333.06,21759.25,6204.53,7673.89,60304.96,34822.55,25332.54,6388.16,7615.23,59615.74,34228.67,18297.38,6138.69,7619.34,59667.20,34282.34,18873.73,6156.34
2024-08-07,7585.52,59796.30,34150.15,21548.60,5972.02,7582.24,59606.61,33989.32,20481.77,5947.43,7585.66,59777.29,34135.87,21427.43,5970.84,7594.82,59979.67,34304.78,23785.10,6035.64,7582.90,59610.02,34003.77,21798.72,5960.70,7581.54,59551.20,33955.99,21055.24,5945.04,7612.06,60222.30,34435.86,25214.48,6083.36,7579.85,59504.38,33901.39,17586.47,5916.65,7579.97,59546.18,33938.86,18278.04,5931.52
2024-08-08,7576.64,59596.45,33889.86,21739.78,5848.66,7569.11,59353.95,33681.05,20652.10,5819.38,7575.39,59582.25,33868.86,21635.34,5837.33,7580.53,59810.94,34006.39,23890.31,5880.49,7568.57,59356.64,33681.71,21802.54,5816.26,7567.50,59301.09,33653.21,21002.48,5816.78,7584.36,60064.41,34138.52,25144.22,5905.84,7565.07,59279.28,33614.55,17906.63,5804.06,7566.98,59323.28,33658.71,18670.81,5812.32
2024-08-09,7571.42,59524.10,33760.73,21824.24,5816.96,7564.89,59320.69,33593.37,20684.64,5795.44,7571.20,59508.73,33737.00,21696.67,5805.27,7572.86,59734.78,33858.13,23897.59,5821.69,7564.85,59315.12,33592.28,21692.51,5798.49,7562.70,59230.62,33535.31,20860.25,5798.33,7575.44,59953.20,33942.42,25123.60,5827.73,7560.23,59217.69,33504.71,18110.06,5789.46,7564.12,59278.63,33565.62,18891.24,5792.68
2024-08-10,7580.63,59937.58,34146.16,21713.59,5860.27,7575.84,59763.01,34005.55,20479.07,5828.39,7579.65,59929.98,34132.76,21581.35,5847.58,7587.63,60086.55,34211.11,23932.04,5867.63,7575.39,59741.83,33988.08,21393.25,5827.38,7574.21,59654.28,33930.52,20472.72,5824.36,7589.32,60296.47,34308.89,25205.95,5877.77,7573.37,59653.11,33910.74,17799.27,5817.17,7574.33,59715.22,33971.03,18679.56,5824.44
2024-08-11,7590.32,60152.07,34278.04,21926.01,5838.40,7578.91,59948.03,34116.98,20458.43,5816.21,7589.97,60147.79,34269.45,21765.80,5827.50,7590.86,60316.42,34375.45,24293.66,5853.83,7578.83,59937.34,34120.57,21363.56,5822.97,7578.60,59863.06,34070.16,20275.58,5818.32,7593.34,60468.13,34445.14,25564.00,5872.83,7578.46,59862.83,34065.73,17595.66,5814.58,7578.65,59923.47,34109.91,18587.44,5817.36
2024-08-12,7622.85,60455.68,34787.02,21887.73,6096.63,7618.41,60289.29,34656.92,20178.81,6060.73,7624.32,60448.00,34781.31,21729.98,6090.24,7629.18,60566.58,34848.58,24222.45,6119.84,7618.61,60271.73,34650.41,21106.59,6070.24,7618.08,60219.75,34616.70,19829.76,6061.58,7632.93,60731.29,34954.93,25489.36,6154.43,7615.27,60218.50,34596.60,17348.21,6043.41,7618.00,60257.15,34635.78,18403.29,6057.55
2024-08-13,7640.41,60594.23,34978.98,21942.55,6172.23,7633.77,60411.46,34830.20,20235.56,6138.35,7640.38,60588.00,34969.88,21797.89,6166.21,7649.13,60736.05,35080.21,24240.71,6203.32,7633.70,60405.94,34835.98,21078.15,6142.92,7633.33,60356.83,34797.64,19756.61,6130.87,7657.36,60941.16,35247.31,25478.10,6266.54,7631.09,60357.83,34785.53,17239.54,6119.19,7633.36,60396.51,34823.99,18436.89,6134.11
2024-08-14,7689.44,60643.86,35827.52,22349.31,7021.40,7686.70,60471.85,35675.09,20741.24,6967.06,7689.44,60629.74,35809.67,22192.67,7015.60,7689.49,60772.34,35948.81,24540.66,7082.33,7685.57,60461.34,35677.96,21381.45,6972.98,7685.53,60418.22,35615.62,20058.74,6934.11,7690.42,60923.46,36109.43,25666.08,7183.20,7685.53,60419.69,35597.01,17689.53,6909.34,7685.57,60451.49,35624.44,18943.66,6926.16
2024-08-15,7704.01,60951.26,36837.07,22301.57,7737.52,7703.13,60767.15,36685.25,20577.38,7708.67,7704.01,60942.11,36825.55,22149.03,7732.38,7704.07,61093.56,36938.84,24372.38,7777.44,7702.20,60742.20,36679.45,21191.58,7718.91,7702.08,60680.85,36623.00,19768.01,7700.79,7704.74,61293.91,37090.14,25641.52,7832.40,7701.66,60678.76,36588.65,17528.49,7671.49,7702.08,60737.56,36650.71,18871.69,7694.34
2024-08-16,7704.41,61691.82,37820.25,21963.47,8031.04,7704.41,61464.08,37605.32,19957.54,7975.34,7704.41,61690.11,37820.57,21817.24,8031.85,7704.74,61846.06,37976.76,24234.31,8114.03,7703.34,61450.58,37608.27,20565.13,7981.52,7703.21,61376.39,37517.80,18947.45,7942.20,7704.84,62070.35,38163.18,25579.90,8211.16,7703.21,61365.46,37467.29,16677.36,7904.82,7703.21,61431.77,37546.15,18229.95,7936.42
2024-08-17,7704.17,61574.22,37756.96,22687.22,8064.53,7704.17,61344.44,37545.80,20720.43,8014.68,7704.17,61573.26,37758.31,22533.60,8065.10,7705.01,61764.24,37945.49,24690.05,8142.15,7704.17,61320.58,37542.06,21175.36,8023.20,7704.06,61257.21,37450.57,19481.64,7974.71,7705.15,61991.07,38079.72,25720.63,8195.87,7704.06,61250.81,37405.94,17402.04,7937.64,7704.17,61296.65,37464.31,19009.89,7968.32
2024-08-18,7705.01,61507.66,37669.99,22674.45,8029.81,7705.01,61266.83,37429.96,20723.66,7957.14,7705.01,61510.32,37672.60,22519.75,8029.57,7705.01,61726.76,37917.07,24561.45,8125.54,7705.01,61251.93,37436.55,21097.46,7969.85,7704.64,61184.08,37344.61,19415.12,7919.97,7708.81,61971.08,38070.69,25721.10,8185.57,7704.64,61177.61,37305.83,17530.52,7889.54,7705.01,61237.72,37381.39,19136.63,7921.34
2024-08-19,7703.12,61007.68,36937.88,22540.14,7708.86,7700.69,60748.54,36671.38,20561.73,7636.64,7703.12,61009.96,36934.05,22399.08,7702.68,7704.64,61217.06,37143.86,24507.36,7781.64,7700.23,60731.86,36669.51,20848.47,7641.13,7697.97,60639.17,36551.06,19209.45,7587.32,7705.01,61492.56,37337.15,25695.74,7845.38,7697.47,60637.86,36523.48,17550.07,7563.88,7700.23,60721.01,36614.95,19155.01,7593.93
2024-08-20,7696.96,60620.19,36223.05,22130.21,7315.39,7689.54,60384.94,35972.79,20037.40,7243.54,7696.96,60615.67,36207.26,22001.77,7304.68,7699.18,60827.28,36441.15,24248.75,7412.93,7689.54,60359.94,35953.76,20244.82,7233.08,7689.51,60281.09,35863.17,18611.74,7196.99,7699.87,61073.78,36633.54,25479.45,7497.81,7688.62,60284.51,35840.57,17098.64,7177.45,7689.54,60345.49,35915.27,18726.38,7216.13
2024-08-21,7681.68,60223.17,35342.46,21654.41,6748.65,7677.84,59980.88,35004.90,19386.89,6625.92,7681.68,60224.46,35345.89,21554.70,6753.95,7684.75,60398.34,35522.78,23954.64,6857.59,7675.97,59954.68,34990.08,19514.28,6622.96,7675.73,59867.75,34880.07,17737.65,6552.22,7685.65,60632.19,35723.82,25295.45,6961.55,7675.73,59878.25,34859.55,16302.47,6532.50,7676.36,59965.24,34966.04,18070.37,6593.68
2024-08-22,7685.56,60141.06,35485.21,22065.37,6927.60,7679.44,59888.10,35210.30,19911.58,6858.55,7685.56,60144.55,35493.83,21974.31,6936.20,7686.05,60354.20,35650.53,24087.14,7018.96,7679.44,59872.76,35204.51,19970.95,6856.97,7678.36,59791.44,35083.44,18122.24,6791.18,7687.51,60592.87,35830.20,25266.61,7094.22,7678.36,59793.38,35056.79,16825.92,6770.09,7679.44,59880.55,35182.11,18684.95,6831.37
2024-08-23,7682.30,60186.96,35448.35,22124.49,6921.62,7678.82,59953.19,35201.70,20068.76,6855.93,7682.30,60191.46,35459.15,22050.28,6930.25,7685.59,60351.28,35595.83,23982.56,7000.26,7678.82,59920.19,35152.91,20030.01,6850.74,7677.69,59842.69,35039.32,18211.85,6804.03,7685.65,60543.97,35757.02,25188.71,7075.22,7677.69,59852.20,35018.89,17095.23,6780.04,7678.82,59934.88,35136.30,18955.11,6835.12
2024-08-24,7684.12,60338.91,35467.47,21744.61,6842.58,7680.63,60173.55,35284.61,19688.64,6782.96,7684.16,60351.66,35482.72,21705.14,6845.06,7684.19,60482.43,35590.77,23697.42,6883.91,7680.83,60150.39,35277.29,19625.48,6782.58,7678.35,60063.28,35165.73,17833.94,6732.63,7684.89,60638.07,35738.30,24942.92,6952.36,7678.35,60077.26,35167.90,16903.35,6733.81,7680.63,60171.50,35256.79,18718.75,6757.39
2024-08-25,7680.19,60425.79,35360.77,20926.08,6687.53,7676.85,60278.05,35224.54,18624.71,6643.92,7680.19,60433.22,35378.11,20887.32,6701.59,7680.81,60538.29,35457.58,22968.00,6744.05,7676.85,60256.47,35199.57,18488.53,6629.76,7676.63,60211.18,35143.49,16699.29,6591.16,7680.96,60691.68,35599.69,24504.90,6813.80,7676.63,60222.25,35147.01,15870.05,6591.47,7676.65,60283.09,35211.72,17721.27,6631.36
2024-08-26,7680.85,60554.97,35594.57,20141.89,6828.14,7680.81,60417.52,35464.11,17764.01,6777.11,7682.19,60578.70,35613.33,20140.37,6827.02,7682.32,60682.53,35701.81,22347.50,6869.47,7680.81,60396.81,35448.76,17563.08,6770.32,7680.19,60359.55,35385.31,15632.44,6721.57,7685.86,60855.19,35882.76,24117.87,6945.90,7680.26,60372.92,35389.48,14942.10,6722.90,7680.81,60427.44,35468.11,16953.38,6780.20
2024-08-27,7695.96,60850.63,36619.63,19545.42,7575.62,7692.53,60710.40,36465.64,17008.30,7514.17,7695.96,60874.61,36648.26,19567.65,7593.13,7696.41,60992.13,36780.16,21930.51,7655.53,7692.53,60700.84,36459.18,16756.40,7513.36,7692.48,60653.01,36356.10,14710.32,7466.85,7696.91,61142.86,36950.10,23855.97,7739.37,7692.48,60662.14,36126.95,14025.82,7440.60,7692.53,60744.54,36478.60,16230.21,7507.41
2024-08-28,7694.77,61264.60,36781.47,19580.45,7362.25,7691.56,61099.33,36588.86,16705.33,7296.26,7694.77,61291.31,36793.24,19663.13,7366.57,7694.77,61391.17,36899.85,22132.74,7427.54,7691.52,61076.56,36570.01,16379.88,7294.51,7691.21,61017.87,36343.42,14148.82,7196.30,7695.66,61534.79,37079.25,24121.22,7520.92,7691.21,61021.11,36004.90,13453.42,7121.35,7691.56,61118.47,36594.59,16041.94,7294.46
2024-08-29,7691.26,61203.81,36558.52,20569.77,7171.23,7691.16,61036.61,36365.22,17628.45,7113.44,7691.26,61242.46,36583.39,20694.84,7181.57,7692.30,61321.87,36709.50,22970.56,7254.39,7691.16,61007.92,36344.01,17200.67,7112.49,7690.84,60963.14,36191.47,14641.36,7015.91,7694.77,61463.60,36911.16,24661.12,7375.25,7690.68,60976.55,35909.42,13916.61,6890.63,7691.21,61070.40,36376.63,17007.34,7106.83
2024-08-30,7691.23,60783.07,36206.21,20860.74,7156.80,7687.58,60657.92,36031.58,18018.95,7083.15,7691.28,60823.76,36223.57,21034.11,7157.28,7692.35,60882.69,36338.02,23056.31,7230.13,7687.54,60636.23,36015.23,17596.75,7081.76,7687.54,60570.29,35896.93,15019.77,7026.35,7692.53,61059.78,36540.22,24551.98,7323.74,7687.54,60575.01,35655.25,14354.07,6874.23,7687.58,60713.03,36076.87,17646.76,7094.95
2024-08-31,7690.09,60730.60,36177.43,20565.76,7164.13,7689.76,60664.84,36064.76,17876.55,7098.57,7690.13,60772.22,36205.89,20810.71,7176.60,7693.08,60828.77,36313.07,22587.06,7244.52,7689.72,60648.10,36045.62,17439.19,7089.75,7687.36,60581.82,35932.84,14881.42,7041.66,7693.66,60987.38,36495.71,24176.37,7321.39,7687.36,60589.47,35752.02,14332.09,6954.51,7690.09,60719.79,36096.64,17720.92,7101.65
2024-09-01,7684.75,60330.87,35532.09,20720.08,6875.74,7684.72,60278.29,35462.57,18283.97,6840.66,7684.92,60386.73,35584.51,21063.69,6901.15,7685.62,60421.57,35669.10,22697.59,6953.98,7681.68,60259.01,35445.86,17848.92,6834.60,7681.68,60227.96,35353.03,15436.71,6788.87,7686.72,60507.30,35795.65,24209.21,7028.83,7681.68,60239.22,35314.59,14942.21,6753.87,7684.90,60345.24,35512.06,18395.34,6857.83
2024-09-02,7636.59,59530.90,34220.10,21122.83,6213.24,7633.42,59462.44,34131.29,18950.94,6169.27,7638.33,59592.04,34274.81,21493.03,6233.21,7644.45,59610.48,34330.37,22952.45,6265.66,7632.39,59447.53,34124.33,18564.29,6172.14,7622.56,59414.54,34063.67,16406.38,6135.40,7663.36,59712.28,34483.18,24162.06,6361.07,7622.70,59417.72,34054.95,16025.77,6127.77,7634.98,59570.39,34222.66,19277.26,6200.02
2024-09-03,7566.56,59070.77,33474.11,20482.57,5838.81,7563.18,59032.14,33432.48,18413.58,5818.63,7566.71,59120.24,33504.74,20953.32,5850.55,7567.40,59112.00,33526.62,22202.10,5871.16,7563.38,59022.64,33429.26,18044.19,5820.45,7561.84,59005.90,33408.59,16084.29,5809.69,7568.16,59177.68,33599.98,23550.72,5913.55,7561.70,59008.57,33403.30,15776.90,5801.93,7566.62,59113.79,33486.54,18992.72,5841.42
2024-09-04,7544.74,58793.61,33056.76,19744.59,5711.36,7544.65,58766.70,33033.25,17669.37,5707.67,7544.76,58853.15,33090.46,20355.99,5721.11,7544.76,58827.05,33094.28,21504.20,5733.59,7544.06,58761.34,33032.33,17308.04,5710.97,7544.06,58741.46,33015.90,15454.60,5711.55,7547.21,58887.30,33144.09,22985.00,5742.40,7544.06,58744.57,33010.04,15181.92,5698.21,7544.76,58846.15,33060.41,18533.98,5710.61
2024-09-05,7552.98,58934.99,33211.61,19181.15,5736.48,7551.82,58909.14,33190.58,17155.79,5732.99,7554.39,59019.50,33264.71,19936.55,5742.31,7553.47,58966.98,33247.61,20958.43,5751.29,7551.82,58906.65,33196.64,16806.35,5738.05,7551.82,58889.51,33181.59,15003.19,5734.65,7552.51,59007.07,33284.80,22386.11,5761.14,7551.69,58897.12,33169.85,14744.42,5726.26,7556.00,59035.46,33261.79,18278.53,5737.30
2024-09-06,7557.00,59053.93,33315.20,18633.38,5748.75,7556.18,59033.35,33297.84,16642.38,5746.12,7556.08,59108.31,33346.52,19557.29,5755.47,7557.06,59076.26,33347.93,20450.28,5766.13,7555.83,59030.85,33300.58,16302.72,5748.16,7555.97,59019.64,33260.95,14582.16,5749.18,7556.08,59097.65,33368.36,21813.32,5771.18,7555.97,59025.12,33198.18,14342.00,5741.34,7557.86,59134.45,33350.71,18098.02,5755.29
2024-09-07,7563.80,59249.42,33490.37,17989.42,5766.98,7563.80,59230.09,33477.40,16126.68,5765.91,7564.68,59314.12,33542.75,19077.89,5773.67,7563.76,59258.97,33523.70,19730.55,5781.70,7561.32,59226.66,33477.63,15834.84,5770.28,7563.80,59230.51,33308.62,14162.87,5771.63,7564.49,59276.22,33534.99,21158.66,5784.97,7561.32,59227.41,33185.71,13900.75,5759.32,7565.65,59361.96,33563.95,17847.28,5770.01
2024-09-08,7586.44,59948.78,34177.94,16462.68,5840.95,7587.44,59943.39,34171.97,14858.99,5837.11,7590.14,60022.85,34225.91,17704.21,5848.08,7586.41,59966.38,34201.61,18127.12,5855.26,7587.44,59936.44,34172.82,14601.19,5844.80,7587.67,59934.32,33756.55,13179.28,5839.36,7586.44,59980.39,34212.07,19619.28,5857.54,7586.56,59940.94,33604.48,12943.19,5828.75,7590.32,60073.17,34256.34,16678.29,5855.41
2024-09-09,7601.01,60312.18,34583.24,15668.04,5941.38,7600.07,60299.43,34446.22,13983.65,5929.05,7601.19,60367.88,34628.85,17068.82,5958.28,7601.13,60327.74,34604.26,17311.69,5951.26,7600.14,60301.15,34331.06,13702.54,5936.91,7600.27,60295.78,33264.74,12074.76,5871.53,7601.01,60334.68,34613.67,18750.24,5954.15,7599.18,60306.57,33084.74,11821.63,5839.14,7602.54,60404.35,34636.57,16208.61,5955.78
2024-09-10,7584.00,60159.28,34239.57,15878.53,5786.76,7584.28,60160.05,34150.30,14269.32,5783.97,7585.50,60214.14,34272.41,17501.44,5793.69,7584.23,60155.61,34240.49,17457.36,5792.98,7584.10,60160.23,34060.60,14003.64,5784.90,7584.00,60151.07,33111.72,12324.66,5747.43,7584.38,60160.83,34255.55,18808.06,5803.41,7584.00,60151.49,32878.60,12027.37,5716.66,7585.13,60292.29,34322.10,16861.24,5793.97
2024-09-11,7583.67,59949.66,34121.98,16904.98,5837.30,7583.67,59950.65,34109.76,15209.09,5839.06,7583.97,59996.65,34144.21,18708.42,5840.93,7583.01,59958.27,34140.89,18471.65,5847.77,7583.77,59954.29,34048.49,14920.51,5836.85,7583.03,59958.64,33412.27,13324.45,5836.77,7582.92,59952.07,34136.22,19669.65,5847.53,7583.80,59956.78,33248.10,13043.85,5829.29,7589.17,60078.69,34201.14,18332.80,5847.05
2024-09-12,7667.79,60037.08,34741.12,16744.72,6348.06,7669.28,60036.39,34728.46,15229.46,6344.94,7673.71,60121.62,34826.33,18517.23,6385.40,7668.27,60041.58,34757.22,18093.63,6361.99,7671.66,60043.15,34718.40,15006.11,6347.75,7669.47,60037.26,34202.78,13616.52,6343.83,7667.34,60038.78,34767.33,19202.75,6372.57,7669.47,60040.19,34059.04,13328.75,6328.96,7675.03,60173.08,34866.01,18329.27,6402.59
2024-09-13,7693.15,60296.22,35948.69,15936.39,7342.80,7693.15,60298.31,35877.03,14605.48,7291.15,7694.03,60372.32,36035.52,17924.71,7392.44,7693.15,60309.46,35987.80,17287.40,7372.12,7692.38,60301.25,35816.56,14379.20,7284.11,7691.97,60309.22,35212.91,13049.76,7143.53,7694.00,60303.53,36013.57,18361.45,7401.09,7689.88,60301.94,35023.62,12797.31,7114.96,7694.03,60415.25,36068.64,17902.47,7410.12
2024-09-14,7695.66,60824.47,36446.45,15282.18,7349.02,7694.66,60812.49,36260.85,13903.95,7274.19,7697.57,60940.68,36615.46,17490.83,7433.41,7696.85,60856.71,36517.89,16548.53,7388.14,7694.66,60810.46,36179.44,13723.96,7255.59,7694.45,60808.84,35417.52,12476.37,7105.02,7696.90,60868.37,36576.24,17686.13,7435.78,7693.90,60805.15,35190.77,12170.01,7080.49,7699.45,61014.15,36680.69,17627.77,7456.12
2024-09-15,7692.83,60787.98,36466.62,16141.67,7388.74,7692.83,60778.38,36350.74,14684.82,7325.52,7695.38,60896.92,36608.10,18753.62,7450.19,7693.49,60802.18,36513.95,17553.00,7419.14,7692.83,60777.94,36288.69,14492.39,7293.22,7692.77,60776.78,35607.37,13125.05,7142.90,7693.49,60803.76,36548.14,18671.39,7442.56,7692.77,60774.83,35413.20,12819.52,7134.22,7695.91,60970.86,36663.08,19073.58,7465.44
2024-09-16,7683.92,60088.63,35526.08,16094.91,7019.82,7684.06,60089.92,35477.24,14721.03,7009.36,7687.42,60203.77,35655.20,18709.86,7073.20,7683.92,60093.87,35552.81,17391.41,7036.98,7683.92,60090.18,35425.63,14539.97,6998.06,7683.92,60090.53,34799.07,13273.62,6801.52,7683.92,60094.02,35562.26,18392.78,7041.00,7683.44,60088.77,34636.92,12975.66,6807.12,7687.44,60278.18,35716.06,19141.07,7093.65
2024-09-17,7678.98,59848.04,35083.39,15250.52,6783.06,7678.98,59849.25,34817.40,13907.31,6766.04,7679.44,59967.39,35225.62,17910.41,6845.22,7678.98,59852.25,35095.93,16380.37,6787.91,7678.36,59851.21,34762.95,13753.21,6764.47,7678.36,59852.38,34156.20,12711.39,6648.42,7678.98,59849.82,35117.99,17293.44,6804.49,7678.50,59849.29,33953.73,12383.18,6585.90,7682.61,60068.14,35347.79,18526.64,6893.34
2024-09-18,7692.48,60149.43,35739.52,14302.58,7205.36,7691.81,60150.47,35249.62,13098.05,7199.31,7694.38,60252.84,35940.93,17172.88,7256.99,7692.48,60148.38,35833.36,15424.13,7209.08,7692.48,60152.02,35180.02,12993.56,7201.98,7691.97,60149.23,34505.01,11904.24,7053.44,7692.48,60137.63,35835.05,16237.13,7215.26,7690.88,60151.60,34257.41,11535.31,7004.96,7695.72,60328.08,36011.40,17928.61,7283.34
2024-09-19,7697.43,60541.36,35938.02,13410.97,7496.19,7697.43,60545.37,35307.79,12252.86,7452.83,7699.64,60671.29,36509.87,16564.91,7544.61,7697.43,60521.25,36298.71,14477.79,7500.39,7696.85,60545.25,35255.45,12138.84,7446.53,7694.15,60545.26,34398.31,10989.30,7264.59,7697.43,60515.07,36368.89,15335.21,7506.62,7691.81,60544.73,34108.79,10636.07,7189.17,7700.11,60760.90,36593.18,17590.15,7571.60
2024-09-20,7702.06,60779.42,35960.37,12710.13,7703.79,7701.45,60779.87,35144.93,11464.61,7608.89,7704.59,60914.43,36940.72,16065.45,7770.43,7702.06,60786.53,36503.00,13694.67,7735.25,7701.45,60786.49,35081.91,11389.74,7602.52,7696.10,60790.24,34221.29,10282.45,7400.06,7702.06,60784.10,36757.26,14460.47,7742.81,7692.04,60782.60,33912.25,9925.44,7300.16,7704.64,61014.46,37025.36,17310.30,7784.69
2024-09-21,7700.05,60894.50,35675.89,12058.91,7670.68,7696.64,60908.40,34750.29,10853.73,7509.33,7702.53,61031.26,37049.32,15788.16,7787.98,7699.92,60897.81,36355.15,13170.15,7732.98,7696.17,60906.69,34677.55,10767.78,7499.49,7691.40,60904.72,33769.61,9592.70,7359.30,7699.92,60888.16,36656.88,13766.81,7749.65,7688.20,60906.09,33338.09,9114.31,7230.43,7702.65,61133.52,37136.04,17235.58,7807.18
2024-09-22,7689.78,60752.23,35057.10,11979.00,7300.32,7686.32,60758.50,34190.39,10854.77,7164.95,7690.79,60823.26,36533.67,15954.37,7470.82,7690.26,60748.93,35720.86,13019.22,7375.57,7686.32,60756.75,34152.23,10811.39,7166.76,7682.87,60765.80,33309.99,9794.72,7019.02,7690.39,60736.47,36055.05,13645.96,7413.31,7671.81,60764.30,32801.29,9248.70,6912.89,7692.94,60887.61,36598.28,17526.28,7500.06
2024-09-23,7690.62,60961.05,34835.83,11244.48,7250.38,7687.01,60974.23,34121.33,10296.57,7155.60,7691.16,61041.82,36727.76,15158.46,7487.43,7691.10,60963.58,35519.15,12141.95,7377.60,7687.01,60978.01,34112.65,10287.99,7154.17,7680.31,60982.23,33170.77,9184.14,6992.23,7691.10,60949.26,35840.63,12673.45,7422.99,7655.81,60971.98,32673.49,8606.84,6890.77,7691.51,61115.05,36800.47,16748.83,7518.14
2024-09-24,7678.68,60717.83,33018.44,9898.73,6408.88,7673.98,60719.80,32223.32,8841.14,6282.72,7682.19,60796.39,35683.58,14292.25,6725.25,7682.14,60728.63,33696.19,10774.89,6514.30,7674.90,60722.72,32200.13,8808.96,6291.97,7635.89,60722.68,31354.83,7788.43,6152.15,7682.14,60715.48,34069.25,11240.38,6577.51,7594.62,60727.30,30908.87,7283.76,6051.79,7685.60,60840.68,35750.04,16009.25,6765.26
2024-09-25,7578.88,60165.42,32144.27,11258.67,5800.47,7578.68,60169.56,31222.93,10212.75,5715.23,7583.85,60230.80,34420.89,16368.47,5947.93,7580.61,60168.38,32885.71,12114.46,5885.55,7579.51,60176.75,31244.81,10228.37,5722.50,7572.73,60184.49,30167.57,9145.76,5537.79,7580.61,60154.71,33236.80,12513.44,5929.85,7541.76,60180.09,29488.23,8498.32,5376.63,7585.64,60298.01,34482.02,18561.13,5966.90
2024-09-26,7609.18,59635.48,33101.86,12917.81,6034.53,7606.72,59655.30,32450.03,12003.57,5968.21,7612.29,59702.39,34155.99,17427.84,6079.17,7607.98,59647.73,33537.17,13612.54,6047.87,7607.28,59654.08,32490.59,12064.30,5970.44,7605.69,59657.74,31518.33,10942.24,5882.16,7605.81,59620.85,33660.79,13872.22,6051.92,7601.38,59651.82,30468.95,9938.05,5671.82,7616.00,59787.34,34230.96,19284.27,6108.28
2024-09-27,7642.16,59643.52,33222.28,12325.68,6148.42,7642.30,59657.08,32706.73,11648.97,6091.01,7649.87,59712.97,34357.95,16387.47,6211.99,7642.16,59650.16,33562.14,12841.86,6153.02,7642.16,59656.33,32765.12,11739.01,6102.94,7641.44,59663.40,32100.32,10946.50,6004.80,7640.49,59631.94,33665.11,12995.00,6158.27,7636.99,59659.71,31135.93,9986.11,5805.51,7663.49,59829.53,34503.71,18284.93,6270.71
2024-09-28,7633.77,59895.86,33010.69,11906.09,6074.66,7632.91,59903.24,32523.61,11301.61,6011.23,7643.39,59981.23,34520.96,16139.53,6146.24,7633.88,59899.63,33403.74,12365.18,6106.09,7633.50,59908.28,32595.96,11379.39,6023.38,7630.90,59910.13,31992.88,10697.02,5939.52,7633.30,59888.69,33497.42,12456.63,6111.91,7627.84,59922.08,31255.48,10030.23,5662.21,7650.65,60090.48,34631.67,18351.32,6184.41
2024-09-29,7575.14,59183.12,32300.33,12188.14,5869.13,7572.59,59189.37,31803.85,11586.16,5803.14,7581.34,59251.72,33703.77,16641.57,5937.21,7575.31,59180.88,32659.14,12659.03,5886.11,7572.68,59187.82,31901.69,11721.36,5820.35,7571.98,59200.67,31283.60,11014.94,5729.96,7575.14,59179.95,32696.04,12654.23,5892.05,7570.29,59196.51,30406.30,10243.05,5434.97,7593.68,59376.58,33825.27,19016.88,5975.34
2024-09-30,7551.82,58834.72,31847.05,12089.95,5712.04,7548.85,58837.14,31372.38,11511.01,5641.36,7554.12,58877.52,33206.45,16480.74,5752.02,7551.98,58847.23,32174.70,12463.37,5735.59,7549.95,58838.22,31487.32,11659.42,5665.67,7547.60,58843.00,30927.55,11013.37,5569.23,7549.25,58829.70,32137.02,12385.57,5741.57,7545.15,58842.21,30027.15,10226.75,5260.65,7559.23,58973.79,33289.55,18911.04,5764.63
2024-10-01,7567.13,59066.98,31485.79,10785.28,5778.21,7565.88,59065.35,31027.11,10316.88,5665.50,7574.30,59100.52,33570.67,15113.65,5915.12,7570.70,59080.38,31796.34,11103.86,5837.10,7565.18,59065.95,31150.92,10437.66,5713.32,7562.43,59062.95,30650.37,9969.37,5560.94,7570.88,59076.20,31730.48,10959.60,5844.37,7531.69,59068.24,29779.09,9164.59,5310.80,7587.83,59209.35,33691.00,17624.06,5965.49
2024-10-02,7597.30,59348.97,30854.70,9333.58,5747.27,7569.14,59337.47,30353.12,8890.38,5594.96,7622.74,59394.21,33847.60,13966.55,6105.00,7609.56,59351.98,31122.12,9556.63,5843.20,7582.58,59338.94,30492.77,9038.89,5642.79,7545.38,59340.74,29947.78,8493.63,5515.48,7607.95,59346.43,31061.69,9377.43,5853.61,7500.62,59349.12,28963.99,7483.77,5387.11,7634.75,59510.73,34113.54,16701.42,6151.22
2024-10-03,7542.17,59475.53,30005.97,8135.16,5534.14,7511.38,59472.58,29517.90,7618.80,5468.09,7625.27,59517.22,33603.98,13089.39,6123.91,7576.88,59483.05,30354.82,8425.93,5625.67,7525.39,59475.12,29681.77,7820.27,5498.95,7484.26,59468.30,29175.56,7284.23,5406.63,7576.36,59485.98,30303.69,8225.10,5630.90,7456.55,59477.11,28140.83,6198.21,5316.67,7637.50,59653.40,34269.31,16050.95,6193.09
2024-10-04,7470.60,59454.30,29281.34,7683.82,5341.28,7451.66,59442.45,28782.82,7179.16,5292.01,7610.89,59479.91,33172.38,12710.29,6035.97,7508.76,59461.43,29649.76,7991.76,5423.24,7462.64,59446.19,28992.10,7407.91,5319.10,7437.55,59447.47,28568.23,6966.15,5251.19,7509.00,59463.62,29636.05,7838.34,5430.14,7399.18,59448.12,27563.90,5892.94,5179.56,7614.44,59584.13,34076.95,16328.72,6069.83
2024-10-05,7453.28,59892.88,29189.83,6585.50,5381.67,7424.56,59884.64,28730.89,6113.73,5337.13,7652.82,59905.59,33115.38,11590.74,6191.41,7477.25,59898.88,29551.34,6898.13,5439.74,7439.56,59881.15,28963.11,6390.38,5360.11,7410.44,59882.55,28617.14,6001.55,5313.40,7480.03,59901.11,29561.45,6756.09,5460.69,7376.18,59889.04,27708.56,5058.75,5252.89,7660.02,60013.29,34645.71,15491.50,6295.54
2024-10-06,7409.95,60273.61,29177.46,5442.43,5454.69,7391.36,60270.60,28757.69,5033.05,5419.60,7673.19,60279.23,32767.39,10158.09,6290.89,7438.38,60274.83,29563.87,5795.40,5501.55,7400.77,60271.36,29048.76,5329.70,5440.45,7383.39,60267.96,28768.27,5054.01,5397.12,7442.79,60285.07,29597.39,5732.15,5521.05,7360.31,60277.44,27973.12,4244.20,5333.89,7677.69,60353.24,35134.35,14487.08,6543.49
2024-10-07,7345.43,60250.15,28410.49,4843.98,5119.23,7330.27,60240.56,27951.54,4413.44,5074.49,7626.89,60253.83,31656.46,9062.27,5884.36,7366.46,60249.14,28764.78,5154.54,5177.29,7339.32,60240.89,28325.62,4782.28,5104.10,7322.74,60241.51,28120.40,4582.19,5063.08,7370.35,60262.52,28869.54,5164.54,5196.22,7294.40,60246.15,27453.70,3921.40,4995.14,7634.95,60304.76,34511.50,13922.22,6164.58
2024-10-08,7279.83,60010.43,27521.61,4526.42,4773.79,7264.09,59997.34,27103.95,4142.42,4731.33,7509.33,60012.34,30457.97,8548.43,5401.12,7296.37,60007.47,27829.40,4787.65,4830.57,7273.77,60001.68,27506.58,4529.49,4763.87,7256.08,59994.35,27347.60,4381.51,4718.65,7299.39,60018.98,27904.68,4764.80,4848.25,7228.22,59999.15,26831.32,3864.06,4655.16,7587.97,60060.65,33831.48,13729.41,5841.82
2024-10-09,7259.04,59755.50,26990.19,4578.95,4692.93,7243.34,59736.74,26767.16,4370.09,4651.46,7474.71,59754.15,29917.86,8721.99,5195.45,7276.49,59752.54,27370.14,4927.22,4745.76,7253.95,59739.45,26990.24,4605.62,4682.81,7236.45,59736.64,26868.38,4461.44,4641.55,7279.99,59768.03,27459.89,4889.75,4763.84,7208.22,59743.56,26568.96,4144.04,4583.63,7569.92,59798.21,33604.59,14216.70,5770.66
2024-10-10,7250.66,59592.51,26680.62,4654.18,4669.30,7230.84,59584.96,26546.67,4528.95,4622.26,7457.70,59586.50,29655.36,8696.57,5115.73,7268.62,59599.72,26946.95,4874.42,4722.80,7241.98,59583.95,26720.03,4714.91,4656.86,7225.24,59587.31,26678.34,4648.98,4612.91,7273.15,59612.90,27012.27,4826.42,4736.34,7200.81,59585.60,26405.22,4351.32,4557.94,7567.93,59675.06,33681.57,14589.47,5757.98
2024-10-11,7248.73,59289.50,26441.67,5281.17,4705.40,7232.86,59275.31,26263.96,5109.33,4664.03,7440.17,59295.05,29463.69,9165.74,5100.88,7265.96,59300.66,26671.19,5464.21,4757.38,7242.28,59279.45,26494.88,5346.04,4695.64,7225.62,59274.64,26451.24,5293.39,4652.28,7271.08,59309.79,26745.95,5438.25,4775.45,7200.33,59276.94,26183.04,4997.05,4597.74,7566.69,59353.92,33501.01,15901.02,5794.13
2024-10-12,7268.54,59244.74,26583.71,5474.46,4857.63,7254.45,59227.62,26441.84,5352.35,4817.26,7469.69,59246.89,29804.82,9452.86,5256.43,7287.49,59243.81,26835.66,5700.64,4913.67,7263.27,59227.64,26701.33,5601.35,4848.06,7249.16,59224.59,26654.30,5552.64,4809.07,7291.64,59259.89,26919.86,5696.09,4926.58,7220.98,59224.76,26359.90,5241.21,4746.81,7591.36,59335.29,33727.65,16564.14,5983.83
2024-10-13,7263.28,59320.26,26506.61,5273.87,4744.03,7247.60,59283.03,26409.29,5213.19,4706.31,7465.73,59325.77,29764.50,9240.69,5133.15,7279.40,59322.01,26767.86,5520.08,4798.13,7257.29,59295.39,26535.74,5315.65,4737.40,7241.08,59283.95,26453.12,5229.70,4694.83,7283.37,59334.14,27083.93,5745.90,4814.06,7213.94,59287.53,26326.94,5097.02,4634.22,7579.53,59439.22,33733.11,16462.70,5871.55
2024-10-14,7260.59,59106.31,26416.05,5078.80,4815.85,7243.14,59085.13,26329.07,5015.58,4769.68,7440.18,59110.34,29382.06,8720.49,5180.11,7276.83,59118.32,26581.49,5224.00,4872.32,7254.37,59086.03,26410.66,5082.97,4805.22,7236.09,59086.45,26354.56,5041.00,4757.41,7282.14,59123.47,26822.74,5380.51,4892.13,7211.20,59092.87,26261.03,4914.37,4703.03,7590.07,59215.93,33659.51,16047.69,5973.21
2024-10-15,7335.42,59851.66,27713.51,4372.95,5443.38,7319.95,59839.11,27632.11,4308.70,5399.18,7498.71,59853.24,29950.93,7137.07,5841.29,7358.01,59867.18,27831.22,4444.70,5505.75,7329.81,59844.39,27707.93,4354.55,5440.73,7315.40,59842.77,27636.45,4300.37,5388.52,7365.01,59872.72,27977.31,4541.88,5526.54,7294.91,59838.27,27557.44,4222.92,5348.94,7683.62,60014.30,35288.70,14890.60,6909.79
2024-10-16,7339.53,59919.80,27992.02,4176.57,5780.55,7321.81,59906.05,27919.68,4124.69,5737.85,7484.21,59920.04,29487.23,6107.14,6126.45,7362.94,59924.93,28078.09,4222.54,5842.69,7332.61,59908.61,27969.19,4163.28,5763.42,7317.09,59901.88,27925.80,4124.64,5726.39,7371.21,59942.06,28171.48,4264.44,5868.74,7295.93,59899.94,27840.29,4067.11,5667.59,7694.29,60050.62,35462.49,14405.41,7262.63
2024-10-17,7312.34,59907.18,28003.26,4778.54,5773.15,7297.68,59893.36,27937.79,4714.60,5733.98,7417.88,59906.61,28704.99,6029.05,6049.36,7335.26,59910.96,28165.09,4936.98,5838.63,7306.67,59897.94,28015.83,4774.68,5767.89,7292.54,59893.65,27965.22,4729.32,5713.61,7344.79,59923.03,28251.53,4971.14,5878.22,7267.09,59889.64,27796.10,4596.63,5607.71,7694.29,60071.88,35542.91,15055.22,7341.01
2024-10-18,7274.29,60398.32,28626.58,4179.39,5914.51,7255.15,60378.80,28464.22,4090.29,5822.17,7393.01,60397.51,29168.20,5053.85,6228.31,7303.05,60392.63,28667.54,4178.80,5997.52,7268.83,60387.20,28559.78,4107.99,5908.11,7249.38,60377.56,28433.30,4067.60,5793.48,7313.30,60413.86,28752.40,4204.59,6038.35,7217.09,60380.70,28289.12,4019.83,5663.57,7699.01,60499.08,36210.37,14319.12,7595.23
2024-10-19,7251.58,60782.45,28845.82,3398.39,5979.85,7230.69,60766.22,28665.21,3292.37,5892.40,7371.62,60779.24,29525.79,4176.75,6336.52,7287.71,60787.94,29045.21,3507.97,6115.24,7245.73,60770.76,28841.95,3365.45,6005.30,7224.26,60766.16,28658.94,3261.07,5858.02,7301.18,60806.61,29142.53,3560.45,6162.80,7192.46,60766.28,28456.95,3131.38,5724.23,7704.48,60910.61,36294.70,12991.69,7712.70
2024-10-20,7241.34,60683.01,27915.57,2575.94,5582.49,7220.04,60677.69,27821.72,2513.48,5516.68,7348.54,60681.24,28770.34,3614.35,5915.04,7279.25,60684.41,28134.16,2701.84,5714.62,7237.04,60680.36,27908.63,2545.83,5577.52,7213.36,60674.91,27792.82,2486.78,5488.51,7294.20,60697.79,28242.00,2740.32,5781.49,7182.60,60673.24,27617.14,2377.30,5382.56,7693.57,60824.50,35393.18,12179.56,7281.69
2024-10-21,7191.38,59979.64,26667.07,3382.65,4772.53,7167.55,59971.39,26568.53,3312.09,4713.24,7286.38,59971.48,27351.36,4190.97,4986.70,7224.36,59979.56,26860.47,3533.45,4853.48,7183.59,59971.43,26650.03,3367.00,4756.79,7162.68,59963.31,26561.26,3287.03,4705.09,7238.73,59990.83,26979.66,3619.72,4894.12,7131.61,59968.89,26396.91,3145.32,4625.59,7645.64,60071.41,33894.41,13042.02,6195.62
2024-10-22,7112.85,59183.06,25876.09,4160.53,4385.11,7093.00,59176.37,25881.65,4166.12,4347.14,7206.40,59180.83,26384.90,5003.34,4590.70,7145.89,59191.77,26068.37,4318.03,4464.62,7107.18,59176.10,25918.66,4178.97,4379.27,7086.38,59178.55,25851.00,4124.16,4329.36,7160.41,59204.58,26273.95,4500.21,4504.21,7055.33,59177.60,25709.19,4019.75,4258.71,7555.18,59231.32,33247.15,14622.98,5735.36
2024-10-23,7092.47,58736.72,25530.60,5069.75,4326.99,7071.30,58736.74,25484.64,4991.03,4286.43,7191.73,58742.13,26004.00,5837.49,4540.80,7125.98,58745.01,25718.45,5248.22,4401.40,7085.69,58734.30,25601.11,5085.07,4320.90,7064.38,58735.60,25527.56,5001.85,4271.44,7141.53,58758.80,25839.52,5355.29,4447.58,7033.81,58739.79,25386.65,4880.52,4203.70,7533.96,58784.31,32855.20,15643.35,5659.58
2024-10-24,7062.67,58634.77,25434.15,4970.79,4273.99,7043.70,58626.27,25376.42,4891.38,4237.50,7168.33,58627.57,25893.01,5623.73,4498.17,7098.05,58643.31,25593.92,5104.47,4350.93,7055.77,58623.39,25453.92,4948.55,4268.73,7038.35,58620.42,25394.37,4891.63,4226.61,7115.89,58657.67,25730.53,5245.84,4390.54,7012.12,58626.03,25290.56,4795.46,4162.88,7530.71,58681.04,32783.16,15132.52,5652.12
2024-10-25,7063.18,58597.40,25460.92,5078.22,4261.52,7045.67,58590.85,25394.00,4973.68,4227.37,7164.45,58590.85,25874.49,5631.70,4483.19,7097.66,58611.50,25653.31,5244.62,4338.62,7057.16,58595.86,25506.38,5058.46,4257.99,7040.04,58593.27,25455.68,5012.42,4216.10,7114.77,58614.68,25707.18,5318.38,4381.88,7016.90,58592.52,25280.40,4860.70,4157.85,7531.42,58650.99,32758.67,15075.17,5646.02
2024-10-26,7078.88,58586.30,25485.88,5191.66,4294.36,7058.45,58582.31,25504.16,5174.91,4255.82,7174.20,58582.17,25903.22,5683.70,4515.05,7116.44,58597.63,25675.34,5366.52,4373.11,7071.09,58584.50,25530.13,5167.29,4288.81,7056.51,58585.50,25479.78,5117.17,4246.54,7134.10,58609.25,25753.68,5434.77,4417.57,7032.66,58586.62,25350.61,5015.52,4186.06,7540.48,58684.32,32860.48,14953.38,5668.40
2024-10-27,7107.12,58851.20,25712.37,4970.19,4333.06,7086.90,58849.70,25666.76,4907.51,4294.32,7194.38,58847.72,25968.82,5258.65,4545.10,7139.56,58862.30,25810.27,5060.66,4406.40,7100.74,58845.96,25702.46,4915.72,4324.62,7079.80,58843.31,25652.64,4860.11,4277.65,7157.01,58872.21,25893.43,5154.02,4452.16,7056.96,58844.77,25577.69,4810.06,4219.78,7552.14,58958.05,33075.74,14264.60,5701.79
2024-10-28,7138.44,58578.61,25609.17,5857.94,4374.36,7120.23,58570.00,25553.20,5775.96,4337.99,7213.68,58579.46,25836.96,6100.61,4571.24,7162.90,58584.84,25685.82,5939.60,4439.47,7131.21,58570.17,25583.48,5779.86,4365.72,7113.17,58566.50,25531.56,5721.30,4318.12,7175.02,58594.07,26013.40,6279.27,4482.63,7086.82,58576.82,25459.37,5680.05,4251.48,7544.24,58693.11,32922.55,15365.91,5689.22
2024-10-29,7108.38,58860.98,25785.56,5687.54,4357.18,7089.87,58860.49,25737.80,5607.41,4316.96,7189.22,58862.91,26013.15,5890.90,4556.80,7138.69,58875.17,25888.10,5780.71,4431.84,7104.58,58863.47,25777.63,5610.01,4349.17,7085.44,58865.41,25731.64,5549.15,4307.04,7157.79,58889.08,26006.76,5901.43,4477.29,7063.17,58866.47,25648.70,5513.56,4236.85,7553.51,58966.08,33221.92,15065.85,5744.07
2024-10-30,7111.81,59023.62,25909.41,5597.05,4366.18,7092.25,59019.66,25855.46,5511.26,4326.01,7190.11,59021.33,26127.93,5788.27,4565.44,7142.37,59016.54,25991.46,5688.58,4443.67,7102.60,59021.06,25888.02,5509.88,4353.55,7083.95,59017.43,25838.05,5470.95,4310.49,7159.82,59040.72,26082.08,5780.99,4488.23,7062.72,59021.15,25759.83,5434.57,4238.87,7562.81,59069.75,33366.30,15044.40,5782.49
2024-10-31,7166.25,59652.52,26671.76,5239.77,4663.47,7146.85,59643.86,26614.85,5165.76,4621.07,7247.01,59646.20,26908.50,5388.53,4883.18,7198.40,59641.89,26772.08,5319.17,4757.98,7157.41,59637.13,26648.61,5169.59,4655.83,7140.37,59636.36,26602.58,5125.51,4612.57,7217.11,59666.80,26881.89,5406.65,4825.31,7119.71,59642.18,26527.00,5089.44,4542.37,7634.41,59705.44,34233.73,14562.22,6158.34
