day_of_year,Yolo Bypass,Sacramento River,East Delta,Lower Sacramento River,South Delta,Suisun Marsh,Confluence,Lower San Joaquin River,SW Suisun,SE Suisun,NE Suisun,NW Suisun
121,18.613212179571747,17.61135747720048,18.424836713943762,17.49231836246825,18.198352820611152,18.21306832564425,17.565484276485936,18.36435059949823,17.185812125660558,17.477704568634366,17.50601627574591,17.64399268718432
122,18.676514613453143,17.63049614390089,18.437929623827305,17.558947429305555,18.23133356777662,18.234835172360036,17.633572420569852,18.439369619302262,17.265360516735115,17.55483566538539,17.580883484657093,17.71727705328441
123,18.717426165963207,17.655659717906605,18.477114207662378,17.613513149099962,18.28791275609028,18.31632056441053,17.715096264274077,18.522594034882918,17.312999442160894,17.628620160669918,17.647187940310737,17.76558534910443
124,18.798617817107335,17.697142461669884,18.48790001487805,17.675641149099924,18.34274056426417,18.383158933113883,17.765342453317857,18.599546891539912,17.38640351732238,17.6664253265799,17.700037364439183,17.83883367707879
125,18.804830950237704,17.794856183486825,18.58613938110035,17.717286079691505,18.440357871391402,18.472598756969248,17.833572476322953,18.66041904654835,17.46923877862595,17.75431007335048,17.778723921815946,17.918033867707948
126,18.87276307242368,17.91192857500653,18.713002264950507,17.793268272493663,18.557756715891887,18.53018688374488,17.916829622088603,18.752772812552422,17.527878214914864,17.8373565316105,17.851170521227814,17.966258826366513
127,18.935296091443554,18.041191677523535,18.81719727750109,17.874477534704653,18.66401503370106,18.59788908117927,17.96275641030093,18.826969857450933,17.60198389312982,17.877371260915712,17.902146771753063,18.036193474965124
128,18.99017667958695,18.174045428400316,18.93984175207184,17.938275028277754,18.74739215778296,18.627495918439582,18.032339674307362,18.905942889658956,17.625157386964204,17.939136873908712,17.952248806221146,18.050222514928365
129,19.000753021517454,18.287416933560273,19.03720677252836,17.9903091002574,18.82456314968701,18.669263806015707,18.096900518631312,18.943280755135337,17.70180357017028,18.00053535452322,18.024277604035063,18.12190116903978
130,19.016840136385607,18.409624016433344,19.229859888407315,18.07650407197914,18.912450287872748,18.720433953685205,18.16067225329736,19.03224169208605,17.73465293599527,18.06651157876304,18.069899180327404,18.146898282039512
131,19.068322999567688,18.518455997594508,19.331945997857552,18.157992048842697,19.0080658078443,18.746180908724252,18.224626081071673,19.11316688869463,17.799730528479156,18.10847320293322,18.125220756619974,18.205628001837283
132,19.07717464438765,18.641076522196396,19.430827777834118,18.227298465295668,19.078793704893734,18.806757137427233,18.27730707053909,19.177274042283663,17.82194062243101,18.187917492140734,18.179922984447092,18.233972232430006
133,19.076015704231672,18.733406242108767,19.443741184789793,18.295309853470396,19.126343861457265,18.847944298197156,18.337089196386287,19.232110149662933,17.884251955372886,18.211420897659256,18.21998155107186,18.262254035369835
134,19.127500628389306,18.826817248722236,19.597991171763123,18.372373483290595,19.1798189351134,18.911148864672178,18.410723784403583,19.308159185113116,17.91257719318848,18.292624519734645,18.301549033207305,18.33243713826399
135,19.149632197531997,18.89870138591061,19.703619673580736,18.463909521851193,19.24966712744958,19.018462946313242,18.480851113372317,19.39626463864867,17.98425207281267,18.318683332169464,18.332321870534063,18.374207186495415
136,19.208406034221586,18.92938298526882,19.721765874643168,18.547385185090253,19.32518568367693,19.094735941955253,18.564704767679487,19.45751431627976,18.033757756899607,18.41319456863475,18.411217540983966,18.443423148828725
137,19.265106568475066,19.003875609780806,19.82439026224677,18.599375064266972,19.41576674683975,19.151649825509814,18.618956370476845,19.539562271099292,18.06654976512043,18.46903926301099,18.49323271963012,18.499501761598324
138,19.280646409299017,19.011397802385325,19.82441578814572,18.665847845757774,19.483036004211403,19.16118719801816,18.68858016284687,19.61086842400288,18.111313376394605,18.510690614739797,18.509351227406377,18.53333402618242
139,19.302140659325854,19.058153705280702,19.87186955686921,18.733690449871407,19.546869490486593,19.182496731959407,18.73541831047279,19.65753174074071,18.13404248385202,18.539923768774035,18.544990315258193,18.55309305695855
140,19.373635415993395,19.119309070047738,19.879171434487066,18.777589974293097,19.618724785114598,19.224932733542783,18.784165873088348,19.730835109829165,18.172864703464413,18.594461522877577,18.59951963429956,18.610638307303272
141,19.37849870730261,19.188940465981133,19.981542495117893,18.836386840617095,19.682845813966964,19.263537578110626,18.843620854055292,19.787463485175778,18.21312826776279,18.630553070205536,18.623364649011766,18.64117526182799
142,19.452931784535945,19.255508714800385,19.992505421276263,18.87582588946032,19.764260612077628,19.296272945068658,18.88875224975312,19.867618251291898,18.257494750440376,18.6868378693677,18.69848296342969,18.703011288470314
143,19.516573600839752,19.33426364214685,20.08514962521391,18.95504153470483,19.83373560264574,19.351595285694955,18.96245020090171,19.95007996642429,18.2977286846741,18.749525420886233,18.74761376628833,18.746165039044673
144,19.56553759405574,19.425480967032897,20.18904218730087,19.03829178149114,19.921253413632098,19.390744419760114,19.035520995663322,20.040376200135547,18.370700434527315,18.811208047502742,18.81605009247614,18.83504687643584
145,19.63973069741361,19.501008048903948,20.25679303310696,19.099276982004632,20.011101615879586,19.459530175032558,19.119103639262253,20.13367509816297,18.45820642395771,18.918599133776457,18.926525792350056,18.941010395039058
146,19.757976090122128,19.601207017738005,20.359959672187166,19.180295604112644,20.139340567754992,19.523031025233863,19.207447681212617,20.247347640415686,18.510963992953585,19.018333922459053,19.033084270701693,19.068535845199413
147,19.841739195465287,19.705219383204945,20.46150447177574,19.273577125964113,20.2673831833418,19.569135169329616,19.285365425260693,20.35217976981776,18.609937633587794,19.111774802653894,19.131303404791453,19.17204194993094
148,19.960305759294364,19.815877464675516,20.49593572863209,19.354316105398514,20.410862763380475,19.64640123398735,19.368470129210507,20.471521927104167,18.682280722254852,19.205342088717686,19.21565719209736,19.238779547542915
149,20.05065491134159,19.96924752781057,20.598747467681694,19.44685677377945,20.55159761094361,19.696186526225084,19.45308388883856,20.568380851588724,18.77571584850264,19.29484864827104,19.315640071459047,19.332179430409095
150,20.102115661488615,20.129511493135904,20.701173603649234,19.548603616966822,20.685376753804,19.76281686523548,19.543479894681028,20.658685713311478,18.804549882560188,19.378459685645293,19.406164413619724,19.400310043638047
151,20.152641557333123,20.27386559474621,20.799311450289924,19.632237562981143,20.81253897528177,19.831398052313382,19.606551362069396,20.740215769646845,18.89140320610688,19.46766767376911,19.49953675493905,19.490254503904186
152,20.277807193872775,20.417678974845934,20.89485801683595,19.692064691516165,20.95822009897636,19.93264524914594,19.679015073901624,20.81202727792552,18.938471726365194,19.500360548375927,19.52136479192915,19.549044761138806
153,20.36584940321614,20.539496989680906,21.02809594764059,19.766696938303568,21.085234438828692,20.028519412094276,19.763302197543105,20.89087783645352,18.990185355255406,19.58422912678965,19.609181761243644,19.600462322002592
154,20.44601639432046,20.681422366972125,21.183570000933017,19.84897333676099,21.208781655356724,20.17226090880638,19.82238371625501,20.97001443208283,19.088966647093383,19.667667708696786,19.70106129045788,19.693320767110674
155,20.605270365425195,20.807784608675124,21.33478120664098,19.947133712082586,21.343282061126384,20.307303844637264,19.91439276926934,21.06708018693323,19.19018559013506,19.76824127837874,19.803899667927777,19.801583502526782
156,20.736758025009742,20.945998873134034,21.52900792243972,20.05403247557876,21.485170216892083,20.43749162127434,20.02521483317097,21.16900325129621,19.29850267175572,19.87332754104158,19.909381988230727,19.9064449173173
157,20.821635696920108,21.072784190801798,21.62980050032361,20.162818928019785,21.60096394871742,20.551497507589698,20.136384136651692,21.269207640700163,19.38896699941281,19.93573589242081,19.978348537200507,20.00094148828618
158,20.90559683143547,21.149503021846666,21.72731234027785,20.25505554498688,21.691345181112162,20.724408286842348,20.2236349446879,21.363981646276763,19.464445167351716,20.010716458260575,20.035353186212376,20.08521026871819
159,20.999848824220976,21.270247533317104,21.855858359526955,20.36569216452456,21.787389949638907,20.832395037221005,20.322532827681936,21.428897145337324,19.552462836171422,20.097808498078418,20.11633698192467,20.16600671336703
160,21.061034964242726,21.32098701122149,21.905758799407458,20.47922385347082,21.867053505603725,20.92982613143839,20.422043935743307,21.51914922437685,19.638472548443943,20.191286290604012,20.212382673391915,20.227614751952547
161,21.1340808125145,21.380090001002962,21.933918393942285,20.565999604113063,21.95386618776859,21.014893701673607,20.481903037435433,21.586932578385003,19.664445402231355,20.25949667481566,20.294243430012685,20.287053656408347
162,21.157961030572494,21.43466560477154,22.004074412722687,20.66924135475557,22.029179535904255,21.09380228545505,20.569370139836785,21.651764828716313,19.75410210804461,20.29948302130617,20.31539355191295,20.36174013550772
163,21.19534585359945,21.45208040284734,22.009335225053814,20.74883237789109,22.095005145827987,21.131353938664127,20.66098517922075,21.718209977240253,19.793408044627125,20.38507499825447,20.405248377470134,20.404339696830345
164,21.245825860760597,21.48848218358749,22.03139319864153,20.86060883033506,22.183930696733928,21.216160683019062,20.758322662186107,21.783062172936315,19.85428266588369,20.430661131680782,20.430961399748185,20.47345587965054
165,21.321784771962434,21.528048183187586,22.082500644468897,20.952196138817282,22.257339341851313,21.25815056616098,20.852824728733836,21.858330137424506,19.938472900763376,20.51013123646539,20.515405157629143,20.521680649976577
166,21.315112008082743,21.55095387564176,22.117947883378143,21.038489838046218,22.332532845940676,21.317482820004845,20.921186447470276,21.916118516756065,19.990184891368166,20.593200129234695,20.604450790247274,20.59559628617347
167,21.42684281826812,21.604045330192903,22.126304370405077,21.092070105398403,22.394533144401226,21.37274660467208,20.979335422601984,21.99899183206974,20.051199371696985,20.666691484456585,20.68577345102946,20.665618344051616
168,21.45980850121967,21.631848089486194,22.13860613875031,21.175091064267466,22.485349043040234,21.403010330774848,21.064421801930695,22.068346762930457,20.12885848502647,20.737955396436718,20.76085699873894,20.71073242994968
169,21.50465130867687,21.683978436215337,22.18136055751828,21.24142194858528,22.587076972748378,21.486718840327125,21.144143271973167,22.16643040886833,20.159100604815038,20.818269891721947,20.82783994115212,20.787358401470325
170,21.588577345056102,21.74175186692244,22.22876535338888,21.320918043702488,22.67850579264244,21.569184996607458,21.22377375697231,22.249162717522612,20.24130741045211,20.886169465596225,20.895653110551336,20.86099009186958
171,21.64715546189067,21.784507306342125,22.27770638891234,21.390166257069723,22.74559267865093,21.594479160256753,21.280430291178355,22.31972075541992,20.254102695243684,20.919898662242932,20.917319936948903,20.876985863573815
172,21.654849310068748,21.85351011173409,22.376482445367156,21.435769354755468,22.858650621833018,21.67396957139814,21.357995058850964,22.41595942610834,20.303656112742196,20.96907422284367,20.98265044556559,20.903484053743636
173,21.734386464689475,21.890293452250148,22.420882472800074,21.523843974293026,22.93449501802439,21.694434137853964,21.41938222054776,22.499388644511782,20.33847337052259,21.007941606706552,21.006517271963045,20.958508068442484
174,21.808083291478084,21.97319247119135,22.471442799686177,21.572693280205698,23.01870482506615,21.775906632586693,21.475844809273237,22.5810925115205,20.376937334116292,21.057033181976994,21.075282929802082,20.98505047312767
175,21.84262837480786,22.023081446036578,22.57086074351327,21.636493408740183,23.128866641399252,21.820163505626855,21.564375459776166,22.664572275651192,20.42815810921906,21.11744281522869,21.106635645228554,21.051234423518345
176,21.90755790227168,22.057741067239835,22.619476161535722,21.708863136246094,23.2382251052412,21.906317911396666,21.626456897071996,22.759990724975747,20.454102930123312,21.150480936081014,21.143016460697154,21.07421597152028
177,21.995520375899872,22.097617121953927,22.664603528782727,21.74735989717161,23.391143900427675,21.928448332509937,21.67312051332156,22.84238487423787,20.50136142689369,21.192423618581795,21.189472337116175,21.100807062471336
178,22.021577777183033,22.123056646957217,22.69901242862547,21.78917510282771,23.51764937918813,21.985727510287752,21.707719768123404,22.87639956979386,20.51231970640047,21.206852944463616,21.197514262294888,21.109147797427788
179,22.079025788230652,22.193890627818593,22.794561505160036,21.837268236504602,23.634767204214796,22.016559745922486,21.761783606517678,22.93156923832023,20.546408302994692,21.226779329374427,21.212526385035634,21.13328830730374
180,22.114620341461208,22.21133052209613,22.837054978145794,21.892683275064332,23.73545035748696,22.04961645112164,21.79920748119412,22.979803277471202,20.576757128596604,21.255743391546776,21.238306595207902,21.16837606339011
181,22.109712516379826,22.247388955304313,22.84542631126256,21.9384479794343,23.80948047778933,22.06283221295643,21.86064886803756,23.030050734932423,20.592237657075763,21.275464844568074,21.25571976460662,21.17715094166295
182,22.129950102448532,22.264092137487133,22.847864325770246,21.967965827763486,23.887688937507043,22.073018300796335,21.877414674746177,23.06208833266768,20.610857586611857,21.3001038281517,21.29298254728846,21.195454101975297
183,22.177368625117467,22.2651153382077,22.8506047144986,22.004605781491023,23.966080406866478,22.1047061123848,21.907917960878276,23.110003826893905,20.61485275396361,21.312758358364963,21.29458351828469,21.197148206247277
184,22.2238117146817,22.29451806293134,22.859273247000576,22.017136046272537,24.034364731515947,22.136495921337577,21.92903710505143,23.126087605702494,20.66239927774516,21.328084359063663,21.309278902900036,21.208177328893093
185,22.220536060513453,22.313422949193882,22.946750910443722,22.041317107969213,24.112760360095105,22.142278668285826,21.96159200813986,23.15301151880716,20.676847410452158,21.36101152637094,21.337862660781866,21.23980650895777
186,22.291953847516403,22.36726753733155,22.985081537710343,22.06892188174811,24.18207659007625,22.150667691939912,21.97459194264763,23.1873400039833,20.703808614210224,21.37543103737343,21.351354283312524,21.276637873220423
187,22.296206625198575,22.37452589989333,22.9913188524127,22.10064261439606,24.26290954751836,22.19571311832364,22.006292771925647,23.233771722243596,20.70904456840869,21.396125075096236,21.38886852459062,21.290505424896978
188,22.370284035969046,22.387688738352455,23.03239081372612,22.130421218509042,24.336912478675554,22.21970491119577,22.04358360297369,23.259206183917684,20.7504756840869,21.42979994760751,21.410258327028757,21.304245877354482
189,22.376317021399153,22.454790023549503,23.08425679949793,22.161301087403555,24.425258338181017,22.238883254222536,22.057493506505587,23.274228102485843,20.78621107457423,21.449275522179626,21.433234174023237,21.3390584818559
190,22.39023925518896,22.45541948341526,23.084549522923826,22.16130009768633,24.501176144357842,22.239767449200794,22.055437017435725,23.275257385761726,20.78621107457423,21.449149413203024,21.434962622951343,21.357457547083243
191,22.42514001747055,22.46631229782542,23.083987278433963,22.16130009768633,24.576141402222955,22.240576552558476,22.056374907514535,23.27537985460595,20.786823634762126,21.45388473279784,21.437863451030346,21.35906940744153
192,22.463417340904112,22.488869945385545,23.048250919743396,22.184599799485824,24.62284944193112,22.239427562308833,22.05892760244333,23.263322441529628,20.781846923076884,21.453709933636134,21.4348908575037,21.355725365181623
193,22.4676310874577,22.513025307144023,23.050027460243847,22.192315565552434,24.662716850555952,22.239002972025645,22.0630802938321,23.274438880668054,20.786823634762126,21.457027355920424,21.44017501471256,21.357134131832932
194,22.477313269023995,22.518823785949518,23.05770217334745,22.19393930591228,24.667361282928983,22.237298708578525,22.07454006814846,23.28101125618722,20.807863159130967,21.490629455117272,21.475498116856063,21.37905423288941
195,22.474855926288274,22.55033570648229,23.071229554079284,22.210892778919643,24.697418712757738,22.242594167824244,22.086184759714367,23.32912409349463,20.834001526717568,21.52206403423012,21.510479756200176,21.39549497932948
196,22.486819041453618,22.612481163944217,23.126277071979597,22.255353033418224,24.710961815677408,22.273213144549043,22.10614400301028,23.35092642263759,20.846755795654733,21.540107052043403,21.519850756620496,21.401848739090457
197,22.508868929339652,22.62150580068225,23.175937954057595,22.26261646015349,24.755367489173125,22.289136293990055,22.13067444464216,23.404817498722924,20.8770294539049,21.555924393992278,21.540194043715854,21.436714067523823
198,22.536575577822944,22.64735812556507,23.179680559842353,22.275499005140947,24.76963184401873,22.304974420902195,22.133773711834063,23.413216572301728,20.8770294539049,21.558562162067737,21.54362759983184,21.446597533302423
199,22.58652601975751,22.666827687144934,23.18187263321731,22.30969184061736,24.813279816451814,22.30866982364664,22.157529675194017,23.4318113637428,20.894827052260652,21.570047031086307,21.549718705338325,21.45627954294868
200,22.60666341871646,22.688002143503105,23.186305612851093,22.316552753213838,24.83595633121905,22.312626810525444,22.1640685264198,23.462265986742924,20.894827052260652,21.57009819420192,21.5483607145859,21.453803089113116
201,22.5905452817606,22.691156982664715,23.186867196595436,22.357335912597538,24.86084084730514,22.308906511367677,22.179755726172345,23.474199869118937,20.894748062243035,21.56556116660862,21.538620441361953,21.40761386081753
202,22.59601897857514,22.673885601263528,23.192681355899804,22.360918182520535,24.865050863058766,22.322219786184146,22.180877906011226,23.476006372845944,20.875565860246642,21.54379034229849,21.51913026902066,21.3958242811208
203,22.59916729765774,22.66963418478849,23.23131215102846,22.375843799487093,24.872566410465932,22.320080906232093,22.18391690326764,23.488711130711962,20.839523358778663,21.521877100943218,21.501430933165288,21.377982218649564
204,22.547356225171097,22.664234238901937,23.19093325443971,22.375928082263435,24.864878671018218,22.299288315161316,22.183862946280147,23.486386381380825,20.823758919553764,21.49698626964712,21.467092887768334,21.325963961874383
205,22.487877701006553,22.66168930604311,23.191624053751465,22.366547845759516,24.85625915858123,22.279958230874016,22.16470501194923,23.463715235306935,20.813131321197886,21.4731975061124,21.438534165616314,21.310503500230084
206,22.475816348422438,22.60962563533604,23.188342981957195,22.310192264781886,24.825295284282646,22.25076897266833,22.150289507036984,23.443483076597907,20.80354135642981,21.45313933636027,21.43010010508672,21.295895562701382
207,22.398560326011154,22.594369166249848,23.190016090857224,22.31141794601582,24.814237203238203,22.230546494911092,22.152505007523857,23.455626817279622,20.798548449794474,21.446883960880097,21.425654161412925,21.285095624713303
208,22.38034861166607,22.541399900291577,23.136125255276852,22.2967407352186,24.79091411902374,22.19816467019971,22.123049648642002,23.435443378765967,20.74781758661186,21.427443817673616,21.399835519126245,21.265714942582136
209,22.37291998354456,22.512424533021402,23.139520846274674,22.28715253470417,24.743446079669692,22.166622857755847,22.109902810868814,23.422461369433055,20.74692205519671,21.41626542088709,21.386590155527895,21.222688543868156
210,22.322955005668536,22.47142595901723,23.08022267878678,22.272287573264343,24.697575076752003,22.136933625360303,22.095070443402683,23.385605672909815,20.727399312977106,21.393562951449464,21.3582771164354,21.209969878272922
211,22.30582326737127,22.4202105251049,23.036221210825477,22.25912082005062,24.65377226462576,22.110276026760445,22.07977237454696,23.3668221413539,20.73419570170289,21.38198227733141,21.3500928667506,21.203273307303792
212,22.290110228212114,22.377677476701205,22.98392223379594,22.21661294087363,24.626454100764693,22.06697204292644,22.05569640676213,23.335614330507305,20.727399312977106,21.36632938176728,21.335148209331408,21.197678773541693
213,22.27833556386099,22.32078971590287,22.937477025482377,22.19576402827754,24.599886852253416,22.041402199749218,22.02370851402714,23.318405385818718,20.717888338226647,21.349275361508766,21.32463147961286,21.189403135048448
214,22.246184329697414,22.289274598153337,22.934359416908023,22.194411416452354,24.57710199890142,22.02247397606408,22.019773202052487,23.308759686165452,20.716075202583667,21.339535354523143,21.31010119377831,21.182849931098033
215,22.235342177566427,22.23610262852008,22.86933418859922,22.182131714652883,24.512502144847982,21.96358110953638,22.019704624302243,23.274341589654018,20.712737991779193,21.339535354523143,21.307796586800517,21.177369689940296
216,22.24730568327347,22.176481036179517,22.777589044451638,22.17771478149117,24.483817879214826,21.950945467669836,22.01702485441104,23.251754992600677,20.712737991779193,21.33870748515535,21.306640386716452,21.17731885392744
217,22.291528916876572,22.165559446340396,22.776532998232142,22.175754830334366,24.47235572762343,21.936424150235887,22.018498751216114,23.248766846581205,20.717888338226647,21.35730540342281,21.326877297183277,21.18672800413428
218,22.275487826754024,22.14262831095643,22.775483405560536,22.172321830334457,24.429002805120888,21.936385038657818,22.01795704221529,23.243138456721823,20.716201332941857,21.355205661892988,21.32606767969691,21.18325068902178
219,22.27913227021992,22.14646746467868,22.77502858923024,22.159876544987597,24.418874360260347,21.913783080150942,22.001415311973155,23.236886392476027,20.72721887257781,21.362010359762387,21.33476445144991,21.189547259991066
220,22.305676818309657,22.14819595601042,22.777613252115056,22.15781204627293,24.41009693544207,21.92434157665227,21.994893030355126,23.217245042962166,20.73266570757488,21.366727443241334,21.33615163093713,21.194461605420393
221,22.351481696386738,22.157199534024627,22.76721857109602,22.157511401028774,24.394942170760565,21.898262308689894,21.994542262145554,23.194212159847176,20.73419570170289,21.383144414949328,21.353346061370267,21.198695622416366
222,22.397134640908465,22.175393358055864,22.763280893703957,22.15564031619586,24.394147734265246,21.894424758871462,21.983372935656117,23.180428921356473,20.73679051673517,21.390871557806555,21.361742501050916,21.205481897106385
223,22.34164034646671,22.1708870558198,22.729179936761923,22.12947158354771,24.37269099594123,21.88507900597555,21.97927587662431,23.16101796705189,20.73679051673517,21.402024879497027,21.381240327869122,21.208066901699915
224,22.354358301456188,22.152180332699356,22.72539812563938,22.096991465295417,24.337585569117497,21.841230469803314,21.959845330557883,23.123511774028135,20.73419570170289,21.39212549772971,21.375053913409154,21.200022542489773
225,22.361428998704817,22.121277654070607,22.72176368966859,22.083466100256715,24.321965117876342,21.80456939678725,21.952807998050467,23.102469947931723,20.73419570170289,21.39980783094657,21.386980693569,21.199458348645056
226,22.353460777590097,22.108864773521738,22.66928294662079,22.075538365038174,24.272507554490605,21.790168347916197,21.940838666251572,23.062401669889574,20.73419570170289,21.408327956688698,21.391390777638037,21.199455006890346
227,22.37392924720427,22.072642428095406,22.622932706221256,22.051381835475425,24.27403131556335,21.744979658474648,21.925506989112048,23.050145579580953,20.73419570170289,21.405135749214008,21.39064285834421,21.198206084060722
228,22.34166301553492,22.069376446032873,22.61950104063945,22.049348588688783,24.26035815348436,21.725287052938405,21.90327658111028,23.02759891907843,20.73266570757488,21.39685535103039,21.38633240857528,21.195463996325376
229,22.339102493927918,22.059873686738815,22.61789836603638,22.047715521850733,24.24439941862195,21.714554841663727,21.90326389768697,23.01541063847754,20.727399312977106,21.40783877052038,21.390650369903646,21.194674515388293
230,22.325003935663425,22.050364574102783,22.57234885241117,22.03908705141378,24.230132268128372,21.712026283032706,21.892577813077345,22.995391411540037,20.727399312977106,21.40502688787979,21.38966331651984,21.194674515388293
231,22.312614693120523,22.028944497944764,22.56929670417333,22.026397205655464,24.208872493682442,21.702892958996493,21.886350538097208,22.961692153872526,20.72721887257781,21.39181084526711,21.384819894914006,21.18859071428593
232,22.312236328296787,22.027705307143993,22.570453246998788,21.987592827762636,24.1987938710076,21.65716247953852,21.854135737672333,22.93953999886318,20.712050452143263,21.37952651414599,21.36923449768811,21.180400537436732
233,22.286316961171465,22.019266442028076,22.561111232678424,21.979470609253497,24.18445141414241,21.64991816281329,21.84772574298328,22.89326651396858,20.692233511450357,21.362658539992943,21.344988280789902,21.11693174322429
234,22.23309273076593,22.00869263703755,22.55881255091541,21.952678156811505,24.169283962289327,21.64778099050844,21.821293709177006,22.871090286233123,20.674095314151458,21.340459256025184,21.323735376207896,21.107287207165513
235,22.208699686128746,21.953701777729567,22.462539269505783,21.930514375320616,24.14125967966541,21.626405934476526,21.801487756439364,22.816312735444882,20.63522206106868,21.32225703457912,21.31274680958332,21.094674581993186
236,22.16351361731137,21.933413653667557,22.457048883566323,21.891904149101155,24.12116700948847,21.61095942646294,21.760851268257266,22.76797221732175,20.614128056371072,21.273373181976847,21.26018648591814,21.025391201193713
237,22.11033671085784,21.907911921030315,22.40516276760038,21.87487488946142,24.030431837512097,21.57324963394295,21.732024478275438,22.707181474421965,20.607608115090994,21.241479514495072,21.222683299705658,21.011388373908545
238,22.032005754127308,21.876283231786566,22.403407463964104,21.827688598972827,23.984520030815457,21.544763046200707,21.68838139127551,22.665172562456,20.5817853024075,21.19740378623822,21.17941414459849,20.985581320624455
239,22.00734053973524,21.8360210872842,22.34118749837405,21.79103773521858,23.918685435345733,21.514146321017467,21.668795945660605,22.586960673759698,20.580889770992346,21.181732203981856,21.162303799915897,20.935673918236063
240,21.9278494875505,21.775945489030153,22.297079562449408,21.765698583546847,23.874308552502363,21.50313733826029,21.650704498629867,22.56175462698532,20.565054644744546,21.151959898707805,21.128295598990988,20.921932717041816
241,21.89466780813698,21.741160594250893,22.241319555938635,21.749895226219774,23.81874254324566,21.505905921343327,21.631995115498366,22.52927681784884,20.579201127422177,21.150298707649505,21.12589717948695,20.924020638493403
242,21.901922993094974,21.718433766412886,22.20081437831206,21.74533992544856,23.787556673356224,21.51004099246512,21.618917891850472,22.532105138567804,20.61169475044054,21.15711756549083,21.13031652795264,20.937352090032075
243,21.921512936210206,21.689882375491084,22.207812991257725,21.72557130334067,23.768676452276566,21.531994485914133,21.623647643155664,22.551379807376573,20.616961145038278,21.160908990569432,21.14307807482111,20.985336580155966
244,21.92908475401219,21.659516478604036,22.203661717194326,21.724493568122142,23.747475790622822,21.574421552838963,21.623629320295233,22.53399542309508,20.61169475044054,21.153726339504168,21.127107477931585,20.93981923518593
245,21.929232377177996,21.628225179374304,22.149486328930656,21.72133188174698,23.70951658086052,21.586695837510227,21.59590036906063,22.529714281002235,20.61936965355267,21.125828386308314,21.10284102564078,20.93064539733576
246,21.896666653483575,21.617870315660483,22.123213195386608,21.699331884318095,23.66934475844129,21.581348122871947,21.58765328082265,22.53580086354342,20.590306840869125,21.10616688438724,21.099565170239366,20.922765461644588
247,21.87509068046427,21.558205038078093,22.02646740677043,21.687844940873646,23.603253057948585,21.554972839373114,21.57447642357866,22.522607680820418,20.572833981209794,21.094522217953408,21.074471395544307,20.91691562930643
248,21.855734627440878,21.519994119152106,22.021678067516284,21.632015272493796,23.538528921766574,21.54121704600306,21.55573072484363,22.475754705515048,20.55498017028787,21.065139392246227,21.04714684741499,20.89659341525058
249,21.797141734301995,21.447965781140145,21.922662347250263,21.61081026221104,23.4609931999046,21.481111580580333,21.499911928488014,22.421402075624624,20.525122360540347,21.006996088019815,20.997456952501402,20.824233486449856
250,21.714906274222653,21.364879540032412,21.819123649680176,21.52654229048842,23.351209148887154,21.391147650036046,21.45026434020464,22.32075321174389,20.436867674691847,20.946821949004313,20.921441584699963,20.7380855236568
251,21.61511515152344,21.288220321175928,21.81489184088218,21.47423292030838,23.257618053239632,21.29522565746534,21.37441849101333,22.24422207904273,20.38694639459758,20.88118187565478,20.864534867591377,20.70017354846137
252,21.54409759705078,21.190090749580694,21.71441999209682,21.411789033418597,23.13967138808195,21.204632728711935,21.334646244798282,22.16151797587199,20.316493957721672,20.82753330073338,20.811417671290002,20.620813121267275
253,21.4700753304986,21.07654146357203,21.61380384311253,21.327596845759043,23.03217770252853,21.15698458526643,21.26061001858866,22.067369924601348,20.241425384615205,20.76572152287797,20.737594459856872,20.538965555810183
254,21.404940430474802,20.9537032889051,21.45842247000818,21.30742528277717,22.917270411279638,21.087048799012443,21.212485919110097,21.98995417885344,20.236190863182543,20.725081075794517,20.706944964270555,20.52023378043112
255,21.349433898901875,20.854108697263012,21.35802552868991,21.239706526991878,22.814051646900502,21.037299140415758,21.173369993806446,21.93075818926651,20.193052166764243,20.682683391547414,20.65945041614119,20.44682681212676
256,21.30223033830965,20.777737402041996,21.263736453083016,21.206204763495304,22.725037886358805,20.97070966140474,21.12459678024769,21.858660410288355,20.138208267762682,20.644258861334432,20.61813320722971,20.426462553973455
257,21.23054257757686,20.690180646357526,21.166279407142806,21.121521994858306,22.625259515416676,20.93605167914181,21.069317852908902,21.808255773626506,20.099292812683537,20.591220792874882,20.573954707860505,20.35604768718495
258,21.20525283023659,20.641295046599023,21.125141421464424,21.105743419023554,22.546394896561193,20.865838034628197,21.03093739357469,21.743526035677732,20.038208150323122,20.544258843870367,20.518133190416446,20.326522175012066
259,21.103989979716392,20.537638527908875,21.03343969589756,21.020052195372845,22.48476087133767,20.79478041808813,20.975353725106658,21.684011692082457,19.99366449207309,20.48216727558478,20.458711563682613,20.246079650896245
260,21.03841218307297,20.47872959815571,20.93197865107361,20.939683886890013,22.403480963084906,20.757905686403358,20.907919745992526,21.617801962385872,19.9235712683501,20.412967841424766,20.387871988230327,20.211286371152752
261,20.972886683908154,20.39184349133176,20.831848402306235,20.852810259639977,22.303259835947394,20.678352867322765,20.8495217337792,21.548246707166253,19.838206277157862,20.338060181627608,20.31502573350094,20.12540861965942
262,20.898390987669803,20.2949053747874,20.730856695805993,20.771069403599036,22.212778328324266,20.65598194175651,20.767059584922045,21.47073738178066,19.794427316500222,20.262284023751008,20.23553869272801,20.04216282728481
263,20.791699442475473,20.211992023248232,20.630768612947048,20.717545467865666,22.126751908308115,20.594189639786386,20.67300018674345,21.375349019521448,19.738080029359732,20.19939691931534,20.182400445565325,20.017060355994136
264,20.739488733405587,20.119727681131792,20.581084320654845,20.567256033418953,22.03050445680994,20.506360249310283,20.579182171875583,21.27728416377467,19.68916080446256,20.130102892071378,20.113343665405235,19.937713327974308
265,20.644300977505658,20.020056643952124,20.48049498977006,20.4692408354761,21.93521241511181,20.44316618827239,20.499039851313352,21.180145456664384,19.61325452730468,20.046486098498242,20.020412858343985,19.844439944878566
266,20.580679341836625,19.912530281089097,20.426194136052533,20.363924665809975,21.835076692353685,20.400404223707188,20.408283270197913,21.077855681159054,19.575795137991843,19.9876646419842,19.959420466583104,19.82034428341815
267,20.54873139549593,19.79825573704872,20.36479390774583,20.291729251927634,21.7657846168413,20.33323193406787,20.36516725550558,21.024980226768882,19.55461001761605,19.944153506810945,19.92532109710015,19.754540808452546
268,20.486412130831,19.757022640546822,20.317959660560533,20.25106569151681,21.660841580518163,20.2771972994447,20.284534371185103,20.92775629375005,19.50730658250167,19.900433073698697,19.882058768390316,19.73549299035399
269,20.427057206339114,19.675007425593858,20.321972904306552,20.176425151670728,21.5968357052169,20.23683944681954,20.251259694667002,20.880731568600993,19.47453096887873,19.866983161019814,19.840942593526375,19.67318669958665
270,20.426992954984037,19.599419262449782,20.222163708268702,20.15481611825123,21.53092346660416,20.177790341402922,20.19583581556005,20.836498994193025,19.443024809160562,19.82443330422613,19.80253280369847,19.650943259071695
271,20.368106341776677,19.537589292512447,20.215033558076332,20.080485822621437,21.42008375874228,20.132887592694683,20.15119336844141,20.7698279616461,19.407306465061673,19.792568536499697,19.772938356451867,19.635737758382398
272,20.34022333705592,19.443263127066835,20.084111232213363,20.019617922879746,21.329824087262647,20.07571589761817,20.091377956458413,20.709791500879636,19.374530851438504,19.749726360460595,19.72754069356859,19.562943401469038
273,20.290752610361796,19.35135149313644,19.98584875848623,19.966453629820528,21.238425388567688,19.98704086877462,20.021141401008798,20.64546970921216,19.30549157369344,19.667913974851487,19.65011355191219,19.520458906751912
274,20.180337905416668,19.296956932057203,19.88868295963765,19.940061727506684,21.129600500827724,19.97365551140109,19.980617717496568,20.581811167131196,19.25307967116857,19.61058132378642,19.595646380832086,19.446463651814792
275,20.084363643913694,19.232855250524306,19.802432539292248,19.85966180462734,21.0009661975011,19.875493224136903,19.912454567658553,20.509824621008498,19.178822618907574,19.5460360251487,19.52403290037853,19.357907932935923
276,19.978459034972296,19.16386367922693,19.71604564354168,19.786864442158908,20.862046015843763,19.78149584090558,19.85399813788312,20.420764301204684,19.134171808572763,19.490092095704366,19.46664163934475,19.327888187873857
277,19.777959664520917,19.048181660487508,19.61806024783874,19.6882069408741,20.709428324275457,19.682983244448884,19.755061290383413,20.330288535824028,19.05115207868475,19.393981180579637,19.377725418243223,19.23843868396928
278,19.637983282825434,18.94166437068028,19.486305235283915,19.592536303341095,20.53474140098493,19.609544675706914,19.657835252678662,20.219898566835102,18.96023207868516,19.29851738036977,19.28916978982728,19.14755815342178
279,19.488333070253766,18.84572257290381,19.38965490793024,19.47424264267413,20.303848476233853,19.511474741079052,19.551287348438354,20.125339431799233,18.87755821491449,19.227485221794918,19.21722039512387,19.057902680292855
280,19.29281512473909,18.735917099909067,19.26502692783531,19.364941136247197,20.097824214948808,19.365908641340177,19.418195878394517,20.007414384564882,18.822043294186496,19.138484495284633,19.125053833543063,18.96813770785444
281,19.11342050264695,18.60056678424734,19.164581257323785,19.198090321336917,19.908058255135877,19.21052909573739,19.274827721924748,19.839868412911688,18.734783899002075,19.042010681103854,19.0381824590164,18.91650851860432
282,18.939539472070084,18.46992778885802,18.984875053009397,19.068219339331204,19.724947578422935,19.10259114867671,19.124953426854844,19.719863521307996,18.63327568995846,18.901994547678097,18.900090722993504,18.812865282499455
283,18.74766366453894,18.344872943180278,18.83885847391398,18.89130150385618,19.524335467823978,18.942612088779363,18.9733334941139,19.535592192564746,18.506643241338963,18.779295805098702,18.781260201764933,18.707817994946517
284,18.663114657860255,18.19975313007015,18.72789713893933,18.783018246786263,19.32174868429892,18.81011114285427,18.86181652446731,19.425806097426047,18.4056182853787,18.678092242403128,18.68019962168971,18.607063778134826
285,18.4812477818404,18.087422752781503,18.542715927183124,18.677887151671026,19.13654597988799,18.621952405772866,18.74972777237266,19.28142511722286,18.293939624192475,18.562669147746725,18.57204646910435,18.465959662379287
286,18.376644727228115,17.90348000551013,18.382979833534527,18.54049453470382,18.97300125591629,18.470513612164293,18.65117998849507,19.151570838506306,18.22222466823265,18.470969413203065,18.478078007566328,18.370207370234723
287,18.271656033732523,17.802054240908078,18.240453701758526,18.433753562982133,18.834218194882478,18.39321068986839,18.53461674572973,19.03808040061012,18.142867850851168,18.366853374083984,18.37833827658738,18.301351644465345
288,18.155533447648708,17.689600284596388,18.129896655352816,18.329445961439802,18.680922197262703,18.26214558601208,18.439308374191175,18.91969767996657,18.032072771579596,18.254362301780656,18.265988986968996,18.1701951929258
289,17.992896723494216,17.61502617346521,18.024598441830037,18.269361709511543,18.52825106338322,18.100691931071985,18.332956692625622,18.76814524867376,17.91972887845001,18.123901596227448,18.126334434635826,18.05292130454681
290,17.755962320947432,17.50370586982648,17.920927682507614,18.113313480719125,18.34472399427077,17.993616562123833,18.178176969643648,18.619049532236215,17.77240544333528,17.97226714984329,17.967409827659058,17.880697735416547
291,17.52889491383874,17.403786328789337,17.759417110573054,17.9959032699229,18.143307820527998,17.862928520220255,18.040911484202294,18.410951609573097,17.635815343510952,17.78745833042203,17.7875704245479,17.742949141019366
292,17.412604066740357,17.239363778435305,17.60172443085513,17.855966961439858,17.975636780762155,17.697564691296606,17.900452367463934,18.256508799574565,17.487144263065222,17.658962431016022,17.63815105086101,17.575296495176296
293,17.325097919074672,17.12443121856097,17.487752587649055,17.736770827763973,17.83127012624615,17.653565655054887,17.783689146828973,18.12486975957431,17.360738532002035,17.514198078938378,17.506998377469547,17.466221924666737
294,17.283006821459605,17.039918166652647,17.341616857157888,17.644998038559358,17.72045016688449,17.56285101506711,17.687137613948245,17.993364155523945,17.270590082207786,17.4187569856802,17.407062681799836,17.366277985761467
295,17.196537421239032,16.923939688847348,17.2326724249046,17.557823508997,17.62002732451583,17.488321431586698,17.614162204621884,17.930655233601925,17.20002019964812,17.33858414949355,17.314920744009957,17.270521113917727
296,17.096883621807557,16.800318078462833,17.08995600576514,17.4732737326481,17.483702219950175,17.431474984125295,17.53809921940019,17.81452541370188,17.10002008220752,17.229985679357174,17.212874131988286,17.167432466697225
297,17.031009305910093,16.724787516283396,17.03223805124001,17.380094017994903,17.359535919537596,17.334545777015187,17.44014189220051,17.749044656856114,17.000019964768065,17.119398061473717,17.10915742749012,17.064198509416432
298,16.939473623635088,16.625124674320002,16.888537102671265,17.299986570694664,17.238329404105986,17.235217039124784,17.377875109298852,17.656599901838035,16.900019847328608,17.038534163465005,17.024000184951703,16.964198576021758
299,16.811966142503913,16.521669857701923,16.784747226355872,17.17918049614402,17.09557258221049,17.133588466423696,17.259596454557855,17.49289996244287,16.800019729888145,16.933276894866278,16.918904770912633,16.8615434956372
300,16.689197199194698,16.40553726425301,16.68006011857103,17.065351313623996,16.967391155063357,17.03302251179796,17.15775526418265,17.378779232635697,16.7000196124489,16.847140115263315,16.832870508616935,16.76210409967791
301,16.588119403722317,16.298972533819075,16.57785901841134,16.96711178920317,16.837782178754157,16.934023698217622,17.077528838836557,17.273028120979408,16.63811308866724,16.787823936429913,16.763658125262683,16.67056290537406
302,16.42292982152682,16.148007147510395,16.427483591556772,16.87442418509005,16.727198395747255,16.8322421191801,16.995068346756042,17.17263522705571,16.572522072812298,16.70959085923814,16.68177285834356,16.581140916398333
303,16.270901298022643,16.051399235897314,16.326938472055776,16.78623667609288,16.57894739401934,16.68893719716201,16.90307515886069,17.073465554537403,16.500019377568982,16.627647153335538,16.60289996216873,16.49998901010567
304,16.09326045274978,15.916352350936043,16.23273399144339,16.682721444730337,16.429289418057177,16.586804256382177,16.798655582794424,16.966805722132406,16.400019260129493,16.535903101641733,16.504936616225457,16.39417977262303
305,15.923025217724101,15.730674387714883,16.035551347064803,16.582459465295045,16.260327620660657,16.445178198911513,16.705440007967333,16.832155845908172,16.245959142689287,16.437352336710262,16.414587187894345,16.272004742765176
306,15.727080126406994,15.567209138192553,15.93239826374127,16.46813233933141,16.062972843325728,16.267265722833034,16.60344409328423,16.70605147299619,16.129449142689484,16.331192794271505,16.31456986548968,16.152573830959867
307,15.474543058953635,15.406335906403251,15.742894113269555,16.33071548329079,15.874831558574337,16.121693644630348,16.476161147003115,16.540229474757087,16.00304674104521,16.202055640936045,16.188967044976923,16.001878617363314
308,15.294988890087312,15.224941367870679,15.56955792755473,16.17081069665828,15.677498846848666,15.925440399136944,16.302847554650377,16.367492122010024,15.83823991779232,16.058498330422896,16.03567202185819,15.863837514929779
309,15.17054641678692,15.006822943181424,15.364692325398389,16.015719534704093,15.50590845992936,15.738673264314818,16.158305580141175,16.17835758180071,15.728422196124557,15.904813171498132,15.888305893232376,15.700947468992805
310,14.999989207784143,14.880828437217167,15.166155865804074,15.880610131105282,15.353901638430463,15.590639643102156,15.99111262235562,15.97287359699336,15.55600732824389,15.74680376528099,15.72348657419093,15.549089632521744
311,14.822498311927243,14.710512569396895,14.957075391054413,15.692032886889663,15.216708680667473,15.427455622298297,15.820386397910458,15.768121602462035,15.429448320610696,15.593451362207565,15.562164026902098,15.391199069821324
312,14.717559441795897,14.5482235319177,14.758842184970671,15.531825557839813,15.084616078523414,15.264763444766908,15.69581096291808,15.606732334829788,15.25898614797402,15.435757932238866,15.410115720891254,15.203753509415876
313,14.594943463791024,14.41885344222804,14.588315551009345,15.385441856041012,14.96808843535519,15.131840305286829,15.551082700239483,15.473782561596014,15.139299635936789,15.285949923157181,15.24693179487159,15.073088679374886
314,14.424687624498558,14.27398500550933,14.43949168650699,15.224848822622208,14.861817342688525,15.031261594439854,15.395843823344466,15.338548711096436,14.958985795654659,15.133800778903272,15.110637772173051,14.90415657785987
315,14.277789908353398,14.159668115543578,14.300094684739118,15.071600742930377,14.712963669724578,14.9262967036419,15.255395155325582,15.198378805555823,14.85478187903713,14.989387139364746,14.952206628835647,14.788935337620869
316,14.116908945976338,14.03896991682716,14.138255387333892,14.922122604112504,14.578785027584711,14.817320792271405,15.09699832905797,15.039682906725636,14.748857563123801,14.877999339852986,14.8400732492644,14.661217092328323
317,13.985042259906352,13.91419093947292,13.998759948385636,14.81849553470465,14.440307239354551,14.713039047904056,14.996814018939588,14.908904184831616,14.640733129771201,14.75661839329341,14.722566439680536,14.513933709232722
318,13.819703901065136,13.808250902393675,13.89021449735078,14.699001683804676,14.322670072018154,14.597373292700038,14.895800964684508,14.762324714339586,14.524244908984077,14.637793737338603,14.611613404791884,14.409441722554792
319,13.645381352583275,13.628595259046124,13.695959636844849,14.595387123393577,14.174748417074778,14.483241228995858,14.795761504557635,14.641674086099286,14.420272889019344,14.513179140761874,14.480740710382639,14.30138121267833
320,13.435884823526065,13.433773547449679,13.528695491489668,14.445514246786269,14.04036232568721,14.331912295036231,14.65691277458281,14.504977082170136,14.306058755138,14.37542829898676,14.338644829760437,14.14387529627867
321,13.321957492768046,13.248408422183665,13.386575994142484,14.300959465295835,13.886092050269362,14.21809448103831,14.498154387998893,14.340515441017414,14.174316629477522,14.23326027244126,14.192125825977289,14.012557436839643
322,13.153860555700671,13.069799480410683,13.21723895331345,14.170149172236803,13.712083776218432,14.083915059984392,14.394392637399271,14.18440184004254,14.055626852613013,14.092172263360252,14.058079289617707,13.896179841525488
323,13.03198440021672,12.942416420483271,13.113585493351659,14.02467703341817,13.580199401689839,13.923946725910401,14.21910631825844,14.044167648664075,13.94146637698162,13.975458400279775,13.939146872635618,13.787327397795375
324,12.85438342570514,12.79656435865148,12.973855340835335,13.894568593830122,13.405054720514157,13.7910270103005,14.096998700772195,13.879626199564166,13.855626617733389,13.88125419490028,13.844690853299706,13.687651782268665
325,12.706430330489178,12.659324881253117,12.864648801265446,13.77091472493582,13.252766435243474,13.608043221214437,13.995796916541261,13.732504945373105,13.723752912507381,13.769429371288453,13.729893312315914,13.535559839228041
326,12.538927470310181,12.533108651669272,12.717206380545262,13.615477478149652,13.088732733043821,13.497609872322572,13.84734380299071,13.562149520854224,13.61312519671175,13.64628432762837,13.62174875577966,13.42731124253586
327,12.35869745717564,12.410543730833805,12.577922970798808,13.436697799485456,12.919803747384218,13.362635433850954,13.6918919382242,13.404184138732848,13.484246465061526,13.49799499825386,13.464427431694022,13.310096210381504
328,12.21046922889763,12.229693097502489,12.380472540686133,13.26266025449872,12.757087483296676,13.211147591241959,13.4981423311797,13.240874340466299,13.344313182618839,13.349428718127722,13.322855308953422,13.134047452916123
329,12.001623940988951,12.079692771822568,12.274318071236271,13.083455791774297,12.60432580108781,13.033114047117481,13.301035179219921,13.019242681952989,13.164986559013606,13.175796252182979,13.15249884825542,13.000272496554937
330,11.793312662589349,11.895249214349285,12.085622735051057,12.895647850899199,12.424674095033643,12.78591417074896,13.1271601318709,12.830298085699626,13.039151790957217,13.034664876004605,13.008083287095651,12.820431943040996
331,11.626765817836315,11.698209136687467,11.934899526642285,12.698512868894936,12.269458943631793,12.555247434626585,12.919182632975211,12.643021008083519,12.85964421021723,12.862757083478819,12.83775134510301,12.689178536976955
332,11.42955357456991,11.571961265158182,11.830792061750612,12.500897300770525,12.138301506582613,12.37328016951651,12.709127684750177,12.453523314743165,12.698264997064024,12.705886185818859,12.678216448087323,12.514272882406948
333,11.287564505334053,11.410538618597016,11.673374346695175,12.330242408740487,12.00680045420342,12.136795958911335,12.566671790425175,12.287480289365543,12.574314750440415,12.532099601816455,12.521115565363782,12.391964887460018
334,11.171396739463471,11.302178415671376,11.580234162094012,12.168914488432243,11.887949427073561,11.939405508993849,12.391811632886059,12.15460170744889,12.439331526717442,12.364952528815982,12.362826250525323,12.22235217041816
