"Subregion_edit","Year","DOY","IBMR","Observed EC_median","Observed EC_l95","Observed EC_u95","SMSCG Open_median","SMSCG Open_l95","SMSCG Open_u95","SMSCG Tidal Op_median","SMSCG Tidal Op_l95","SMSCG Tidal Op_u95"
"Suisun Marsh",2025,141,"acartela",NA,NA,NA,NA,NA,NA,NA,NA,NA
"Suisun Marsh",2025,141,"allcopnaup",NA,NA,NA,NA,NA,NA,NA,NA,NA
"Suisun Marsh",2025,141,"daphnia",NA,NA,NA,NA,NA,NA,NA,NA,NA
"Suisun Marsh",2025,141,"euryjuv",NA,NA,NA,NA,NA,NA,NA,NA,NA
"Suisun Marsh",2025,141,"eurytem",NA,NA,NA,NA,NA,NA,NA,NA,NA
"Suisun Marsh",2025,141,"limno",NA,NA,NA,NA,NA,NA,NA,NA,NA
"Suisun Marsh",2025,141,"othcalad",NA,NA,NA,NA,NA,NA,NA,NA,NA
"Suisun Marsh",2025,141,"othcaljuv",NA,NA,NA,NA,NA,NA,NA,NA,NA
"Suisun Marsh",2025,141,"othclad",NA,NA,NA,NA,NA,NA,NA,NA,NA
"Suisun Marsh",2025,141,"othcyc",NA,NA,NA,NA,NA,NA,NA,NA,NA
"Suisun Marsh",2025,141,"other",NA,NA,NA,NA,NA,NA,NA,NA,NA
"Suisun Marsh",2025,141,"pdiapfor",NA,NA,NA,NA,NA,NA,NA,NA,NA
"Suisun Marsh",2025,141,"pdiapjuv",NA,NA,NA,NA,NA,NA,NA,NA,NA
"Suisun Marsh",2025,142,"acartela",NA,NA,NA,NA,NA,NA,NA,NA,NA
"Suisun Marsh",2025,142,"allcopnaup",NA,NA,NA,NA,NA,NA,NA,NA,NA
"Suisun Marsh",2025,142,"daphnia",NA,NA,NA,NA,NA,NA,NA,NA,NA
"Suisun Marsh",2025,142,"euryjuv",NA,NA,NA,NA,NA,NA,NA,NA,NA
"Suisun Marsh",2025,142,"eurytem",NA,NA,NA,NA,NA,NA,NA,NA,NA
"Suisun Marsh",2025,142,"limno",NA,NA,NA,NA,NA,NA,NA,NA,NA
"Suisun Marsh",2025,142,"othcalad",NA,NA,NA,NA,NA,NA,NA,NA,NA
"Suisun Marsh",2025,142,"othcaljuv",NA,NA,NA,NA,NA,NA,NA,NA,NA
"Suisun Marsh",2025,142,"othclad",NA,NA,NA,NA,NA,NA,NA,NA,NA
"Suisun Marsh",2025,142,"othcyc",NA,NA,NA,NA,NA,NA,NA,NA,NA
"Suisun Marsh",2025,142,"other",NA,NA,NA,NA,NA,NA,NA,NA,NA
"Suisun Marsh",2025,142,"pdiapfor",NA,NA,NA,NA,NA,NA,NA,NA,NA
"Suisun Marsh",2025,142,"pdiapjuv",NA,NA,NA,NA,NA,NA,NA,NA,NA
"Suisun Marsh",2025,143,"acartela",NA,NA,NA,NA,NA,NA,NA,NA,NA
"Suisun Marsh",2025,143,"allcopnaup",NA,NA,NA,NA,NA,NA,NA,NA,NA
"Suisun Marsh",2025,143,"daphnia",NA,NA,NA,NA,NA,NA,NA,NA,NA
"Suisun Marsh",2025,143,"euryjuv",NA,NA,NA,NA,NA,NA,NA,NA,NA
"Suisun Marsh",2025,143,"eurytem",NA,NA,NA,NA,NA,NA,NA,NA,NA
"Suisun Marsh",2025,143,"limno",NA,NA,NA,NA,NA,NA,NA,NA,NA
"Suisun Marsh",2025,143,"othcalad",NA,NA,NA,NA,NA,NA,NA,NA,NA
"Suisun Marsh",2025,143,"othcaljuv",NA,NA,NA,NA,NA,NA,NA,NA,NA
"Suisun Marsh",2025,143,"othclad",NA,NA,NA,NA,NA,NA,NA,NA,NA
"Suisun Marsh",2025,143,"othcyc",NA,NA,NA,NA,NA,NA,NA,NA,NA
"Suisun Marsh",2025,143,"other",NA,NA,NA,NA,NA,NA,NA,NA,NA
"Suisun Marsh",2025,143,"pdiapfor",NA,NA,NA,NA,NA,NA,NA,NA,NA
"Suisun Marsh",2025,143,"pdiapjuv",NA,NA,NA,NA,NA,NA,NA,NA,NA
"Suisun Marsh",2025,144,"acartela",NA,NA,NA,NA,NA,NA,NA,NA,NA
"Suisun Marsh",2025,144,"allcopnaup",NA,NA,NA,NA,NA,NA,NA,NA,NA
"Suisun Marsh",2025,144,"daphnia",NA,NA,NA,NA,NA,NA,NA,NA,NA
"Suisun Marsh",2025,144,"euryjuv",NA,NA,NA,NA,NA,NA,NA,NA,NA
"Suisun Marsh",2025,144,"eurytem",NA,NA,NA,NA,NA,NA,NA,NA,NA
"Suisun Marsh",2025,144,"limno",NA,NA,NA,NA,NA,NA,NA,NA,NA
"Suisun Marsh",2025,144,"othcalad",NA,NA,NA,NA,NA,NA,NA,NA,NA
"Suisun Marsh",2025,144,"othcaljuv",NA,NA,NA,NA,NA,NA,NA,NA,NA
"Suisun Marsh",2025,144,"othclad",NA,NA,NA,NA,NA,NA,NA,NA,NA
"Suisun Marsh",2025,144,"othcyc",NA,NA,NA,NA,NA,NA,NA,NA,NA
"Suisun Marsh",2025,144,"other",NA,NA,NA,NA,NA,NA,NA,NA,NA
"Suisun Marsh",2025,144,"pdiapfor",NA,NA,NA,NA,NA,NA,NA,NA,NA
"Suisun Marsh",2025,144,"pdiapjuv",NA,NA,NA,NA,NA,NA,NA,NA,NA
"Suisun Marsh",2025,145,"acartela",NA,NA,NA,NA,NA,NA,NA,NA,NA
"Suisun Marsh",2025,145,"allcopnaup",NA,NA,NA,NA,NA,NA,NA,NA,NA
"Suisun Marsh",2025,145,"daphnia",NA,NA,NA,NA,NA,NA,NA,NA,NA
"Suisun Marsh",2025,145,"euryjuv",NA,NA,NA,NA,NA,NA,NA,NA,NA
"Suisun Marsh",2025,145,"eurytem",NA,NA,NA,NA,NA,NA,NA,NA,NA
"Suisun Marsh",2025,145,"limno",NA,NA,NA,NA,NA,NA,NA,NA,NA
"Suisun Marsh",2025,145,"othcalad",NA,NA,NA,NA,NA,NA,NA,NA,NA
"Suisun Marsh",2025,145,"othcaljuv",NA,NA,NA,NA,NA,NA,NA,NA,NA
"Suisun Marsh",2025,145,"othclad",NA,NA,NA,NA,NA,NA,NA,NA,NA
"Suisun Marsh",2025,145,"othcyc",NA,NA,NA,NA,NA,NA,NA,NA,NA
"Suisun Marsh",2025,145,"other",NA,NA,NA,NA,NA,NA,NA,NA,NA
"Suisun Marsh",2025,145,"pdiapfor",NA,NA,NA,NA,NA,NA,NA,NA,NA
"Suisun Marsh",2025,145,"pdiapjuv",NA,NA,NA,NA,NA,NA,NA,NA,NA
"Suisun Marsh",2025,146,"acartela",NA,NA,NA,NA,NA,NA,NA,NA,NA
"Suisun Marsh",2025,146,"allcopnaup",NA,NA,NA,NA,NA,NA,NA,NA,NA
"Suisun Marsh",2025,146,"daphnia",NA,NA,NA,NA,NA,NA,NA,NA,NA
"Suisun Marsh",2025,146,"euryjuv",NA,NA,NA,NA,NA,NA,NA,NA,NA
"Suisun Marsh",2025,146,"eurytem",NA,NA,NA,NA,NA,NA,NA,NA,NA
"Suisun Marsh",2025,146,"limno",NA,NA,NA,NA,NA,NA,NA,NA,NA
"Suisun Marsh",2025,146,"othcalad",NA,NA,NA,NA,NA,NA,NA,NA,NA
"Suisun Marsh",2025,146,"othcaljuv",NA,NA,NA,NA,NA,NA,NA,NA,NA
"Suisun Marsh",2025,146,"othclad",NA,NA,NA,NA,NA,NA,NA,NA,NA
"Suisun Marsh",2025,146,"othcyc",NA,NA,NA,NA,NA,NA,NA,NA,NA
"Suisun Marsh",2025,146,"other",NA,NA,NA,NA,NA,NA,NA,NA,NA
"Suisun Marsh",2025,146,"pdiapfor",NA,NA,NA,NA,NA,NA,NA,NA,NA
"Suisun Marsh",2025,146,"pdiapjuv",NA,NA,NA,NA,NA,NA,NA,NA,NA
"Suisun Marsh",2025,147,"acartela",NA,NA,NA,NA,NA,NA,NA,NA,NA
"Suisun Marsh",2025,147,"allcopnaup",NA,NA,NA,NA,NA,NA,NA,NA,NA
"Suisun Marsh",2025,147,"daphnia",NA,NA,NA,NA,NA,NA,NA,NA,NA
"Suisun Marsh",2025,147,"euryjuv",NA,NA,NA,NA,NA,NA,NA,NA,NA
"Suisun Marsh",2025,147,"eurytem",NA,NA,NA,NA,NA,NA,NA,NA,NA
"Suisun Marsh",2025,147,"limno",NA,NA,NA,NA,NA,NA,NA,NA,NA
"Suisun Marsh",2025,147,"othcalad",NA,NA,NA,NA,NA,NA,NA,NA,NA
"Suisun Marsh",2025,147,"othcaljuv",NA,NA,NA,NA,NA,NA,NA,NA,NA
"Suisun Marsh",2025,147,"othclad",NA,NA,NA,NA,NA,NA,NA,NA,NA
"Suisun Marsh",2025,147,"othcyc",NA,NA,NA,NA,NA,NA,NA,NA,NA
"Suisun Marsh",2025,147,"other",NA,NA,NA,NA,NA,NA,NA,NA,NA
"Suisun Marsh",2025,147,"pdiapfor",NA,NA,NA,NA,NA,NA,NA,NA,NA
"Suisun Marsh",2025,147,"pdiapjuv",NA,NA,NA,NA,NA,NA,NA,NA,NA
"Suisun Marsh",2025,148,"acartela",NA,NA,NA,NA,NA,NA,NA,NA,NA
"Suisun Marsh",2025,148,"allcopnaup",NA,NA,NA,NA,NA,NA,NA,NA,NA
"Suisun Marsh",2025,148,"daphnia",NA,NA,NA,NA,NA,NA,NA,NA,NA
"Suisun Marsh",2025,148,"euryjuv",NA,NA,NA,NA,NA,NA,NA,NA,NA
"Suisun Marsh",2025,148,"eurytem",NA,NA,NA,NA,NA,NA,NA,NA,NA
"Suisun Marsh",2025,148,"limno",NA,NA,NA,NA,NA,NA,NA,NA,NA
"Suisun Marsh",2025,148,"othcalad",NA,NA,NA,NA,NA,NA,NA,NA,NA
"Suisun Marsh",2025,148,"othcaljuv",NA,NA,NA,NA,NA,NA,NA,NA,NA
"Suisun Marsh",2025,148,"othclad",NA,NA,NA,NA,NA,NA,NA,NA,NA
"Suisun Marsh",2025,148,"othcyc",NA,NA,NA,NA,NA,NA,NA,NA,NA
"Suisun Marsh",2025,148,"other",NA,NA,NA,NA,NA,NA,NA,NA,NA
"Suisun Marsh",2025,148,"pdiapfor",NA,NA,NA,NA,NA,NA,NA,NA,NA
"Suisun Marsh",2025,148,"pdiapjuv",NA,NA,NA,NA,NA,NA,NA,NA,NA
"Suisun Marsh",2025,149,"acartela",NA,NA,NA,NA,NA,NA,NA,NA,NA
"Suisun Marsh",2025,149,"allcopnaup",NA,NA,NA,NA,NA,NA,NA,NA,NA
"Suisun Marsh",2025,149,"daphnia",NA,NA,NA,NA,NA,NA,NA,NA,NA
"Suisun Marsh",2025,149,"euryjuv",NA,NA,NA,NA,NA,NA,NA,NA,NA
"Suisun Marsh",2025,149,"eurytem",NA,NA,NA,NA,NA,NA,NA,NA,NA
"Suisun Marsh",2025,149,"limno",NA,NA,NA,NA,NA,NA,NA,NA,NA
"Suisun Marsh",2025,149,"othcalad",NA,NA,NA,NA,NA,NA,NA,NA,NA
"Suisun Marsh",2025,149,"othcaljuv",NA,NA,NA,NA,NA,NA,NA,NA,NA
"Suisun Marsh",2025,149,"othclad",NA,NA,NA,NA,NA,NA,NA,NA,NA
"Suisun Marsh",2025,149,"othcyc",NA,NA,NA,NA,NA,NA,NA,NA,NA
"Suisun Marsh",2025,149,"other",NA,NA,NA,NA,NA,NA,NA,NA,NA
"Suisun Marsh",2025,149,"pdiapfor",NA,NA,NA,NA,NA,NA,NA,NA,NA
"Suisun Marsh",2025,149,"pdiapjuv",NA,NA,NA,NA,NA,NA,NA,NA,NA
"Suisun Marsh",2025,150,"acartela",NA,NA,NA,NA,NA,NA,NA,NA,NA
"Suisun Marsh",2025,150,"allcopnaup",NA,NA,NA,NA,NA,NA,NA,NA,NA
"Suisun Marsh",2025,150,"daphnia",NA,NA,NA,NA,NA,NA,NA,NA,NA
"Suisun Marsh",2025,150,"euryjuv",NA,NA,NA,NA,NA,NA,NA,NA,NA
"Suisun Marsh",2025,150,"eurytem",NA,NA,NA,NA,NA,NA,NA,NA,NA
"Suisun Marsh",2025,150,"limno",NA,NA,NA,NA,NA,NA,NA,NA,NA
"Suisun Marsh",2025,150,"othcalad",NA,NA,NA,NA,NA,NA,NA,NA,NA
"Suisun Marsh",2025,150,"othcaljuv",NA,NA,NA,NA,NA,NA,NA,NA,NA
"Suisun Marsh",2025,150,"othclad",NA,NA,NA,NA,NA,NA,NA,NA,NA
"Suisun Marsh",2025,150,"othcyc",NA,NA,NA,NA,NA,NA,NA,NA,NA
"Suisun Marsh",2025,150,"other",NA,NA,NA,NA,NA,NA,NA,NA,NA
"Suisun Marsh",2025,150,"pdiapfor",NA,NA,NA,NA,NA,NA,NA,NA,NA
"Suisun Marsh",2025,150,"pdiapjuv",NA,NA,NA,NA,NA,NA,NA,NA,NA
"Suisun Marsh",2025,151,"acartela",NA,NA,NA,NA,NA,NA,NA,NA,NA
"Suisun Marsh",2025,151,"allcopnaup",NA,NA,NA,NA,NA,NA,NA,NA,NA
"Suisun Marsh",2025,151,"daphnia",NA,NA,NA,NA,NA,NA,NA,NA,NA
"Suisun Marsh",2025,151,"euryjuv",NA,NA,NA,NA,NA,NA,NA,NA,NA
"Suisun Marsh",2025,151,"eurytem",NA,NA,NA,NA,NA,NA,NA,NA,NA
"Suisun Marsh",2025,151,"limno",NA,NA,NA,NA,NA,NA,NA,NA,NA
"Suisun Marsh",2025,151,"othcalad",NA,NA,NA,NA,NA,NA,NA,NA,NA
"Suisun Marsh",2025,151,"othcaljuv",NA,NA,NA,NA,NA,NA,NA,NA,NA
"Suisun Marsh",2025,151,"othclad",NA,NA,NA,NA,NA,NA,NA,NA,NA
"Suisun Marsh",2025,151,"othcyc",NA,NA,NA,NA,NA,NA,NA,NA,NA
"Suisun Marsh",2025,151,"other",NA,NA,NA,NA,NA,NA,NA,NA,NA
"Suisun Marsh",2025,151,"pdiapfor",NA,NA,NA,NA,NA,NA,NA,NA,NA
"Suisun Marsh",2025,151,"pdiapjuv",NA,NA,NA,NA,NA,NA,NA,NA,NA
"Suisun Marsh",2025,152,"acartela",NA,NA,NA,0.729798291665956,0.0972285766086222,2.15665296987359,0,0,1.14450366565089
"Suisun Marsh",2025,152,"allcopnaup",NA,NA,NA,21.0078294651753,8.49107735223674,54.4631897101882,90.0401009300918,31.6710804769224,267.768777888506
"Suisun Marsh",2025,152,"daphnia",NA,NA,NA,2.01122190107389,0.873407176773794,4.09164145949093,8.59345142869726,3.96475273394986,17.4316425702513
"Suisun Marsh",2025,152,"euryjuv",NA,NA,NA,75.3553193554678,45.8436492204836,119.740526457089,302.851080673531,173.670647828327,531.094151133752
"Suisun Marsh",2025,152,"eurytem",NA,NA,NA,91.9068299080556,61.5884386327558,149.864086403702,516.08737540579,318.868786480427,857.664720834763
"Suisun Marsh",2025,152,"limno",NA,NA,NA,87.0712077293308,34.9795300117505,204.926550450575,36.3820626198371,13.3455665948329,107.968145817409
"Suisun Marsh",2025,152,"othcalad",NA,NA,NA,280.641924108431,144.10359992508,550.71216317312,943.374228559483,539.277855381911,1750.93503331117
"Suisun Marsh",2025,152,"othcaljuv",NA,NA,NA,3.37531990999581,1.42032708444988,7.76206938385025,10.8294738438145,4.37546483606659,23.7304608746628
"Suisun Marsh",2025,152,"othclad",NA,NA,NA,1.66010605541661,0.976944918020348,2.610408986873,11.2289005917297,7.35499184474291,17.1303145785095
"Suisun Marsh",2025,152,"othcyc",NA,NA,NA,5.83672969563635,3.4310207916211,8.99909754015554,25.0026646120568,14.735165020049,37.9036778392561
"Suisun Marsh",2025,152,"other",NA,NA,NA,5.47836858066923,2.53594486155223,9.66196498262774,3.19800172275385,0.756434456861553,6.68744310069694
"Suisun Marsh",2025,152,"pdiapfor",NA,NA,NA,631.861216469941,380.853240876477,1021.083207498,1837.97031152458,1099.05585777961,2961.65267683785
"Suisun Marsh",2025,152,"pdiapjuv",NA,NA,NA,500.382074986822,297.031542113596,848.434248933573,1888.28852474724,1018.07721899999,3557.24399519369
"Suisun Marsh",2025,153,"acartela",NA,NA,NA,0.812964921333574,0.153867188645447,2.27935455421065,0,0,1.26105458052499
"Suisun Marsh",2025,153,"allcopnaup",NA,NA,NA,20.9589450810845,8.76812972577276,52.8169504549385,90.1809137022721,33.404234390662,255.815289718169
"Suisun Marsh",2025,153,"daphnia",NA,NA,NA,1.98793739881371,0.85866350001719,4.05458153722151,8.47580178703132,3.90154491888839,17.1455596408049
"Suisun Marsh",2025,153,"euryjuv",NA,NA,NA,68.2791418253748,41.9508872553182,107.583032656563,274.469842154991,160.691606806332,472.366699257717
"Suisun Marsh",2025,153,"eurytem",NA,NA,NA,82.0176549166706,55.1988623283042,131.857769899605,453.581269735852,283.564749680912,736.719035229453
"Suisun Marsh",2025,153,"limno",NA,NA,NA,91.2171439817,37.0170073628818,209.496639394039,38.6504323388202,14.5255883397339,110.783267152143
"Suisun Marsh",2025,153,"othcalad",NA,NA,NA,273.272293331035,141.156751822263,518.224795312959,939.239443214718,543.475340967721,1720.11176898181
"Suisun Marsh",2025,153,"othcaljuv",NA,NA,NA,3.38649212058654,1.44667370509083,7.73959140827027,10.775736879777,4.40407224632129,23.2587174873464
"Suisun Marsh",2025,153,"othclad",NA,NA,NA,1.69218733946929,1.00601929289132,2.6253826857071,11.5849416599198,7.612376906064,17.5256278378825
"Suisun Marsh",2025,153,"othcyc",NA,NA,NA,5.76733292221352,3.40660252699082,8.8513516521168,24.8498221515219,14.6211940136064,37.3998332901143
"Suisun Marsh",2025,153,"other",NA,NA,NA,5.71036063569803,2.72162257481289,9.8580007563732,3.29269402947683,0.84724638791817,6.81422151587261
"Suisun Marsh",2025,153,"pdiapfor",NA,NA,NA,648.088362694232,393.631598428215,1046.32835949481,1903.55206269587,1146.74204036288,3049.74892567174
"Suisun Marsh",2025,153,"pdiapjuv",NA,NA,NA,503.665482077454,302.069274163876,847.651657170755,1920.45514679917,1040.89451647412,3573.37601733164
"Suisun Marsh",2025,154,"acartela",NA,NA,NA,0.890873225050874,0.201122226734835,2.41134081580031,0,0,1.39217198989576
"Suisun Marsh",2025,154,"allcopnaup",NA,NA,NA,20.8971065570287,8.99328557798206,51.2171561837369,115.620193847766,44.1734964499216,327.746061693153
"Suisun Marsh",2025,154,"daphnia",NA,NA,NA,1.96486805164229,0.843452691376879,4.01781751342563,10.8258447900902,4.88307433172596,21.779616470932
"Suisun Marsh",2025,154,"euryjuv",NA,NA,NA,62.0438532077468,38.420936835401,96.7289709836186,319.255871948765,187.263728470139,551.578822025503
"Suisun Marsh",2025,154,"eurytem",NA,NA,NA,72.5928125679929,49.4940473345128,115.495037135618,523.142329237485,328.32889241792,844.403674539435
"Suisun Marsh",2025,154,"limno",NA,NA,NA,95.2710271072489,39.1300240694852,211.099306781656,41.6278954719473,15.4384335209369,119.759209395438
"Suisun Marsh",2025,154,"othcalad",NA,NA,NA,262.633598277233,139.226353641755,488.187236717203,1173.08649641409,675.90955260028,2122.47663665647
"Suisun Marsh",2025,154,"othcaljuv",NA,NA,NA,3.41151413263273,1.47790153174482,7.71719758152831,13.2280238426491,5.35138340413294,28.3666857309636
"Suisun Marsh",2025,154,"othclad",NA,NA,NA,1.72656676189095,1.03974801804502,2.64394718280744,15.9785329369136,10.4287248787098,24.1113648051347
"Suisun Marsh",2025,154,"othcyc",NA,NA,NA,5.69300194772552,3.38282245136602,8.68924852825292,31.6400204736688,18.7531588576383,48.7033636838881
"Suisun Marsh",2025,154,"other",NA,NA,NA,5.95153607141614,2.8789065465503,10.198080222444,3.39952216883846,0.60255747863564,7.59954318097563
"Suisun Marsh",2025,154,"pdiapfor",NA,NA,NA,662.983134513886,406.686991123916,1076.2774579748,2432.00250369474,1454.36113450037,3900.17849858075
"Suisun Marsh",2025,154,"pdiapjuv",NA,NA,NA,507.07627255969,304.865195141339,846.648267792059,2467.68730654115,1335.82334572571,4562.8571615808
"Suisun Marsh",2025,155,"acartela",NA,NA,NA,0.978541510344552,0.243432395404225,2.5634395521389,0,0,1.53936520594882
"Suisun Marsh",2025,155,"allcopnaup",NA,NA,NA,20.9360478189016,9.17792143319805,50.4979006136077,117.671246853476,45.3044642655296,323.812345366841
"Suisun Marsh",2025,155,"daphnia",NA,NA,NA,1.94202120191689,0.82842047557579,3.98135148777946,10.6851694124732,4.80861275707096,21.4117152155656
"Suisun Marsh",2025,155,"euryjuv",NA,NA,NA,56.4016599869699,34.896129924323,86.9530345552714,289.824101474087,171.748653449157,496.185670381813
"Suisun Marsh",2025,155,"eurytem",NA,NA,NA,64.540009766688,44.326410617764,101.641223571371,458.868525192801,293.07147664752,733.913586801329
"Suisun Marsh",2025,155,"limno",NA,NA,NA,99.3669677925618,41.5774180838121,215.775645206789,43.9578607819992,16.7812250369702,123.483790974357
"Suisun Marsh",2025,155,"othcalad",NA,NA,NA,254.776261284973,137.494862723549,465.253288951355,1165.4163588705,678.258251529288,2097.76456613167
"Suisun Marsh",2025,155,"othcaljuv",NA,NA,NA,3.43951948801209,1.50795979826754,7.69486810362135,13.0062961881541,5.32948179539068,27.5089394673434
"Suisun Marsh",2025,155,"othclad",NA,NA,NA,1.75977800173295,1.07286601428818,2.66540414985661,16.4162529158313,10.7972187634551,24.4595000585711
"Suisun Marsh",2025,155,"othcyc",NA,NA,NA,5.60960846170212,3.35908061063208,8.55695764866947,31.3420181528884,18.773568920229,48.0516428084157
"Suisun Marsh",2025,155,"other",NA,NA,NA,6.21257636845477,3.0381052907786,10.5585298095181,3.50488421040775,0.716602635446318,7.72697666239862
"Suisun Marsh",2025,155,"pdiapfor",NA,NA,NA,678.838315591652,420.107553365074,1096.14170742664,2509.6145276264,1519.23678618753,3985.39073857669
"Suisun Marsh",2025,155,"pdiapjuv",NA,NA,NA,510.534474010915,307.008881156974,847.088982677624,2498.20724928026,1361.39868365215,4615.31191328023
"Suisun Marsh",2025,156,"acartela",NA,NA,NA,1.06654728922092,0.286821211724662,2.72688301044065,0,0,1.69590918006715
"Suisun Marsh",2025,156,"allcopnaup",NA,NA,NA,20.9958640521087,9.21216691333391,49.7981604794418,117.751882002736,46.9469872195911,322.642422686634
"Suisun Marsh",2025,156,"daphnia",NA,NA,NA,1.92646897200886,0.814951153474703,3.94518543748521,10.5558082157297,4.7349183278024,21.0496329352852
"Suisun Marsh",2025,156,"euryjuv",NA,NA,NA,51.0739371163573,31.6811586636043,78.2923679484531,263.060902222977,158.741779882473,445.319523371057
"Suisun Marsh",2025,156,"eurytem",NA,NA,NA,57.3549161524638,39.7828081631705,89.8114310855185,402.648065913655,260.535499847213,635.258428416113
"Suisun Marsh",2025,156,"limno",NA,NA,NA,104.199617352588,43.950722004568,224.285524398095,46.4854428701795,18.3912558598134,128.009918524441
"Suisun Marsh",2025,156,"othcalad",NA,NA,NA,248.366533169236,135.087742601065,445.80129558289,1154.97962935114,682.622902491183,2060.90325400064
"Suisun Marsh",2025,156,"othcaljuv",NA,NA,NA,3.44438530448701,1.53505964379932,7.60682074368771,12.7745130675667,5.27866363171895,26.7708523206244
"Suisun Marsh",2025,156,"othclad",NA,NA,NA,1.79738739022472,1.11073701031032,2.70201462557348,16.9468310469264,11.2669298767263,24.8749879837381
"Suisun Marsh",2025,156,"othcyc",NA,NA,NA,5.53485733951906,3.33489437868022,8.41909869411385,30.99037983779,18.7938116143329,47.2729103193136
"Suisun Marsh",2025,156,"other",NA,NA,NA,6.49756178060553,3.21740180166846,10.8997931592575,3.62944453000802,0.82738962144786,7.87675278028107
"Suisun Marsh",2025,156,"pdiapfor",NA,NA,NA,690.985259620051,435.131775822477,1114.55778651491,2587.72059389617,1574.41572057736,4100.02959473423
"Suisun Marsh",2025,156,"pdiapjuv",NA,NA,NA,512.999947147444,308.570984063222,845.275994958843,2539.5075599113,1390.86218578671,4645.89791517705
"Suisun Marsh",2025,157,"acartela",NA,NA,NA,1.25727569280547,0.394726910230939,3.02124895690355,0,0,1.86158718510999
"Suisun Marsh",2025,157,"allcopnaup",NA,NA,NA,19.182635864639,8.64111326658865,43.8817740315432,119.013211875575,48.9883085221493,315.964018880229
"Suisun Marsh",2025,157,"daphnia",NA,NA,NA,1.75167376599072,0.73626715117012,3.59549556263512,10.3610700937705,4.66198190050183,20.7280179641981
"Suisun Marsh",2025,157,"euryjuv",NA,NA,NA,42.4999238483989,26.5507566578678,64.4916154005244,239.287050911835,145.579599332916,398.574129601548
"Suisun Marsh",2025,157,"eurytem",NA,NA,NA,45.6580475535376,32.2922951109422,71.169356875696,353.129109751468,231.361623624307,554.257892137545
"Suisun Marsh",2025,157,"limno",NA,NA,NA,121.409268289829,49.9593507311059,250.801567494763,49.4851388792391,19.7476812863704,132.144007276061
"Suisun Marsh",2025,157,"othcalad",NA,NA,NA,222.500635157182,122.779812484985,395.225244672498,1154.10327018075,686.180005397792,2013.36774568749
"Suisun Marsh",2025,157,"othcaljuv",NA,NA,NA,3.34327409763272,1.50131178238242,7.35944436221312,12.6473104280145,5.22290126638263,26.39436554192
"Suisun Marsh",2025,157,"othclad",NA,NA,NA,1.60189731939625,0.987922092186277,2.41714874817512,17.5065580076902,11.755137906244,25.4269992535495
"Suisun Marsh",2025,157,"othcyc",NA,NA,NA,4.99858707947213,3.05694172914783,7.60520638603487,30.7664923138478,18.8077810596109,46.2997902781346
"Suisun Marsh",2025,157,"other",NA,NA,NA,7.13817943868166,3.57607952235595,12.0684001378352,3.76152893239581,0.917152467677113,7.95241267825592
"Suisun Marsh",2025,157,"pdiapfor",NA,NA,NA,663.1781969966,425.261591298215,1074.50987550688,2667.28201554577,1621.15966276236,4217.05509584543
"Suisun Marsh",2025,157,"pdiapjuv",NA,NA,NA,478.932100803129,288.045639265898,777.20520423409,2585.33836484649,1418.79847923284,4680.36660322978
"Suisun Marsh",2025,158,"acartela",NA,NA,NA,1.36465791792663,0.453008797830568,3.21777293196933,0,0,1.96886277256766
"Suisun Marsh",2025,158,"allcopnaup",NA,NA,NA,18.8868036682281,8.83206415668318,42.890472798886,120.370852224088,50.0189810071706,309.903266717726
"Suisun Marsh",2025,158,"daphnia",NA,NA,NA,1.73357695241109,0.72647712693898,3.55845434448497,10.2082947546956,4.58979438960506,20.4634732907844
"Suisun Marsh",2025,158,"euryjuv",NA,NA,NA,38.4755317506297,24.0626089064271,58.4263520890813,217.651394859542,132.986304111986,359.388424587955
"Suisun Marsh",2025,158,"eurytem",NA,NA,NA,40.6442208048348,28.6646270144729,62.9599516228828,309.471205537348,205.64537145301,483.716284375587
"Suisun Marsh",2025,158,"limno",NA,NA,NA,126.627175324259,52.7789230269371,258.045741713161,52.5330075501269,21.3974266514918,139.481077318124
"Suisun Marsh",2025,158,"othcalad",NA,NA,NA,214.300051290044,120.772276993221,377.435687761972,1149.80156478293,685.563054743034,1980.3745630133
"Suisun Marsh",2025,158,"othcaljuv",NA,NA,NA,3.3629562281439,1.53151238224747,7.24893323498377,12.5021339400916,5.16487167985954,25.8414078260631
"Suisun Marsh",2025,158,"othclad",NA,NA,NA,1.63490046195654,1.02337641805619,2.42433849445244,18.0123174875279,12.2306237773958,26.0177478362415
"Suisun Marsh",2025,158,"othcyc",NA,NA,NA,4.94752425060984,3.0339501770916,7.45664089054873,30.6317614706972,18.7033284147187,45.764911741734
"Suisun Marsh",2025,158,"other",NA,NA,NA,7.42528248559465,3.79806372458446,12.4905929089895,3.82688186539978,1.02464355930572,8.02152230415782
"Suisun Marsh",2025,158,"pdiapfor",NA,NA,NA,678.095513004544,440.500215011974,1096.66713527793,2749.23061047223,1694.59327627775,4338.67223734984
"Suisun Marsh",2025,158,"pdiapjuv",NA,NA,NA,479.278766254912,288.862041502872,780.740478439816,2630.16549562601,1442.1864966476,4723.03303110632
"Suisun Marsh",2025,159,"acartela",NA,NA,NA,1.57632339690769,0.601578484901426,3.60427430877046,0,0,2.14889151113841
"Suisun Marsh",2025,159,"allcopnaup",NA,NA,NA,17.2538820675691,8.37856905526392,38.0033724137019,120.461846368438,50.2921209408638,307.682027810046
"Suisun Marsh",2025,159,"daphnia",NA,NA,NA,1.58001660546165,0.659408563722673,3.24531333593058,10.0827004689898,4.53433133135769,20.2229683481289
"Suisun Marsh",2025,159,"euryjuv",NA,NA,NA,32.2373164215133,20.2039419629899,48.7011274643113,198.900465589969,120.733062733142,326.184691554351
"Suisun Marsh",2025,159,"eurytem",NA,NA,NA,32.5684733242404,23.0086488777709,49.8171729749992,270.705717265967,183.732765897679,418.991542868504
"Suisun Marsh",2025,159,"limno",NA,NA,NA,147.819041793952,61.6623665727985,290.954836037137,56.1113553173577,23.1686612992237,147.393655495229
"Suisun Marsh",2025,159,"othcalad",NA,NA,NA,190.478043799884,107.780303486449,335.986204032543,1144.87345293244,689.560486368309,1938.26874393158
"Suisun Marsh",2025,159,"othcaljuv",NA,NA,NA,3.31410714126291,1.50690026038852,7.10901465230309,12.4051143243594,5.10815278984474,25.0551150164519
"Suisun Marsh",2025,159,"othclad",NA,NA,NA,1.448172003516,0.910778696226687,2.15346836747511,18.5673006841133,12.7463849034378,26.6059545453814
"Suisun Marsh",2025,159,"othcyc",NA,NA,NA,4.47421084041703,2.76344334202219,6.79541386519182,30.3440959636826,18.5868122639996,45.4735776437687
"Suisun Marsh",2025,159,"other",NA,NA,NA,8.19555538368351,4.24881651283822,13.5878681234455,3.93911538790071,1.1394938379,8.09806330268695
"Suisun Marsh",2025,159,"pdiapfor",NA,NA,NA,650.519004167015,422.918518989301,1048.67355404737,2833.39291544613,1761.14725584992,4452.54401518026
"Suisun Marsh",2025,159,"pdiapjuv",NA,NA,NA,448.136368003897,267.312761002756,731.949476998891,2654.27506878837,1472.70875107023,4743.09240490676
"Suisun Marsh",2025,160,"acartela",NA,NA,NA,1.71030214185736,0.674557048807887,3.87060684692641,0,0,2.33846204268025
"Suisun Marsh",2025,160,"allcopnaup",NA,NA,NA,17.3264783528271,8.48606101427788,37.431520875721,120.014704694282,52.9399091219772,298.765830761494
"Suisun Marsh",2025,160,"daphnia",NA,NA,NA,1.55946630752807,0.650325403748817,3.21378451097251,9.98548548217331,4.48219756176236,20.0235389362026
"Suisun Marsh",2025,160,"euryjuv",NA,NA,NA,29.1479746287199,18.1933075588203,44.0644904251445,179.647163258367,109.636945259159,295.505049917793
"Suisun Marsh",2025,160,"eurytem",NA,NA,NA,29.1013125292572,20.5470972144336,44.1105385802499,237.215681514157,163.34538122348,363.614833360671
"Suisun Marsh",2025,160,"limno",NA,NA,NA,154.723175005966,65.8441104914981,304.864069867733,60.1889420984619,25.2633700048293,154.333580898026
"Suisun Marsh",2025,160,"othcalad",NA,NA,NA,184.271044951735,104.901927021778,318.739573310698,1143.11706465399,694.348225146061,1925.16716715586
"Suisun Marsh",2025,160,"othcaljuv",NA,NA,NA,3.33076151896234,1.54481755210268,7.08880017478664,12.1874977157728,5.0528172156037,24.5427393985063
"Suisun Marsh",2025,160,"othclad",NA,NA,NA,1.47831865812078,0.924680270122268,2.15700524184773,19.1153449333415,13.1952001665314,27.0739641767968
"Suisun Marsh",2025,160,"othcyc",NA,NA,NA,4.42134927371052,2.73102293443567,6.69830326764654,30.1258867421515,18.5172086833723,45.2594710404308
"Suisun Marsh",2025,160,"other",NA,NA,NA,8.56969467755726,4.49924025221096,14.0161105688097,4.05851207721295,1.24337540622474,8.19333556724752
"Suisun Marsh",2025,160,"pdiapfor",NA,NA,NA,665.173733225548,429.723408897591,1062.70091789383,2935.79143280009,1825.28228037202,4566.81569670454
"Suisun Marsh",2025,160,"pdiapjuv",NA,NA,NA,449.755253082687,270.491166192152,737.048560582008,2675.34499854099,1502.88198839498,4770.96225102079
"Suisun Marsh",2025,161,"acartela",NA,NA,NA,1.97351982858718,0.823302614301752,4.33750362949177,0.229776259057772,0,2.52082328331575
"Suisun Marsh",2025,161,"allcopnaup",NA,NA,NA,15.9250724823053,7.99925630107582,34.011830581437,93.3706951953457,42.442359853212,222.365921764122
"Suisun Marsh",2025,161,"daphnia",NA,NA,NA,1.42942182039903,0.59246160855696,2.94414374004417,7.66727420890244,3.42506641247958,15.3824596280008
"Suisun Marsh",2025,161,"euryjuv",NA,NA,NA,24.4542854861008,15.3178026032798,37.0750788773918,127.809872789545,78.5270020790805,206.360594503645
"Suisun Marsh",2025,161,"eurytem",NA,NA,NA,23.6020982419834,16.5804286142059,35.1557943035674,159.962199994314,112.506790917951,240.647499310999
"Suisun Marsh",2025,161,"limno",NA,NA,NA,176.675449258931,75.5914458386413,354.995712308195,61.5889630145389,27.2763008238138,153.764703346635
"Suisun Marsh",2025,161,"othcalad",NA,NA,NA,163.878329078595,92.8805245810906,282.406821215344,887.156634565133,539.452856227555,1481.59915714838
"Suisun Marsh",2025,161,"othcaljuv",NA,NA,NA,3.30898961295496,1.54872022494579,6.88165729232937,9.60393995817505,4.06631652538271,19.2200021929123
"Suisun Marsh",2025,161,"othclad",NA,NA,NA,1.31260268191455,0.806973786852325,1.93703353960791,14.6099394402503,10.1169491125483,20.4270842406919
"Suisun Marsh",2025,161,"othcyc",NA,NA,NA,4.03577050150747,2.48737658447113,6.09749144950856,23.0682770273748,14.226253139754,34.60269326327
"Suisun Marsh",2025,161,"other",NA,NA,NA,9.40098058101498,4.99374284283259,15.3580341359504,4.17063399108895,1.67858572761171,7.83652681147281
"Suisun Marsh",2025,161,"pdiapfor",NA,NA,NA,639.092983295531,416.881284081201,1019.76686360946,2412.95301833237,1513.76702645402,3739.55563135315
"Suisun Marsh",2025,161,"pdiapjuv",NA,NA,NA,420.187767368196,257.649977827674,696.518617815722,2120.06202900003,1227.57684134187,3744.70694880113
"Suisun Marsh",2025,162,"acartela",NA,NA,NA,2.13226198872637,0.899671105823518,4.66265664702251,0.332284638891658,0,2.63234952697574
"Suisun Marsh",2025,162,"allcopnaup",NA,NA,NA,15.7667278143547,8.04672163792757,33.0731801820803,94.1895516565019,43.4422936118558,218.861526808979
"Suisun Marsh",2025,162,"daphnia",NA,NA,NA,1.41374001626688,0.584677807314276,2.91653219764272,7.54242228280177,3.37600767531587,15.2535815827557
"Suisun Marsh",2025,162,"euryjuv",NA,NA,NA,22.1440972018903,13.9313237265591,33.5483857420369,116.782555443928,71.1503198991231,187.496057241785
"Suisun Marsh",2025,162,"eurytem",NA,NA,NA,21.0725559043831,14.7782075286221,30.8632309382299,141.375188477453,99.5963524919891,210.444114709221
"Suisun Marsh",2025,162,"limno",NA,NA,NA,184.246026033543,80.1718369191114,370.366001989455,65.3853493608471,28.6800424384774,163.516352797699
"Suisun Marsh",2025,162,"othcalad",NA,NA,NA,156.993682509611,91.2899477010586,266.436498149582,879.122057478924,538.213300755569,1453.14391784385
"Suisun Marsh",2025,162,"othcaljuv",NA,NA,NA,3.34785350784625,1.57796111602536,6.97197065901404,9.44832747208303,4.06945481618266,18.8733621353371
"Suisun Marsh",2025,162,"othclad",NA,NA,NA,1.33382685116563,0.82494025070092,1.96098951825042,15.032067138484,10.4413357703121,20.8105656568796
"Suisun Marsh",2025,162,"othcyc",NA,NA,NA,3.98003798307384,2.46405182122553,5.991378192176,22.8738874976401,14.0999472736071,34.444060514555
"Suisun Marsh",2025,162,"other",NA,NA,NA,9.79934288098337,5.30400117109451,15.8342566654285,4.29982766520076,1.78847250856803,7.95311495994559
"Suisun Marsh",2025,162,"pdiapfor",NA,NA,NA,651.244637005579,422.558182789588,1033.76721075356,2487.46270452002,1554.91360691372,3862.13628514016
"Suisun Marsh",2025,162,"pdiapjuv",NA,NA,NA,423.73619380286,257.652779832203,704.232977531805,2148.83200905469,1244.20831087379,3773.30777997145
"Suisun Marsh",2025,163,"acartela",NA,NA,NA,2.422964564331,1.05751108564476,5.15995189328171,0.607128473155432,0,2.77300419853803
"Suisun Marsh",2025,163,"allcopnaup",NA,NA,NA,14.4810626313567,7.44351427160251,29.6078485530191,76.7579754914697,36.0209014593665,173.402452795822
"Suisun Marsh",2025,163,"daphnia",NA,NA,NA,1.30073212241951,0.535376629832781,2.68345056470095,6.03781185853867,2.69213735501126,12.2620575156268
"Suisun Marsh",2025,163,"euryjuv",NA,NA,NA,18.6013299904528,11.7714124829193,28.1905346864179,86.6114014483956,52.326699740094,137.721670894792
"Suisun Marsh",2025,163,"eurytem",NA,NA,NA,17.1333399309895,12.0227899107247,24.8671772517523,99.6418163983525,71.3710504594379,146.923143932543
"Suisun Marsh",2025,163,"limno",NA,NA,NA,212.81292922625,90.7859812909801,427.368919292666,69.1936430351836,30.9603266065306,167.910321719481
"Suisun Marsh",2025,163,"othcalad",NA,NA,NA,139.920350024318,80.3050008836169,234.829380068217,700.515866380255,430.241760273234,1131.65381227136
"Suisun Marsh",2025,163,"othcaljuv",NA,NA,NA,3.32693109193045,1.5765496206395,6.90154601088285,7.95885306227543,3.56390122998198,15.611467569398
"Suisun Marsh",2025,163,"othclad",NA,NA,NA,1.19220333412397,0.7279213028858,1.77615577680362,11.884813015656,8.22646025872584,16.3614971357024
"Suisun Marsh",2025,163,"othcyc",NA,NA,NA,3.63973980588805,2.25687984944847,5.46283661451806,18.2143647309101,11.2185712222477,27.5715522123255
"Suisun Marsh",2025,163,"other",NA,NA,NA,10.7704947465019,5.9854477869411,17.5336786812533,4.544379699488,2.16783348365813,7.95060608391997
"Suisun Marsh",2025,163,"pdiapfor",NA,NA,NA,626.510705689252,403.912447039472,992.647586342042,2127.7926641699,1351.69376314664,3288.58170173361
"Suisun Marsh",2025,163,"pdiapjuv",NA,NA,NA,397.323749176768,238.915361382939,654.838859007089,1764.36795095263,1046.77538371006,3026.17728801194
"Suisun Marsh",2025,164,"acartela",NA,NA,NA,2.59466712908696,1.15987979972337,5.49379336172604,0.714624863368649,0,2.93352063256147
"Suisun Marsh",2025,164,"allcopnaup",NA,NA,NA,14.4981275903106,7.54167155888247,29.1346695667814,76.5475777673593,35.8531900695841,168.892725578773
"Suisun Marsh",2025,164,"daphnia",NA,NA,NA,1.28546540071294,0.528414984079269,2.65931431676017,5.97618021369652,2.6516157176945,12.1847375627202
"Suisun Marsh",2025,164,"euryjuv",NA,NA,NA,16.8400522321181,10.5545239269772,25.6192301403665,78.5390754234433,47.881456091327,125.757756226658
"Suisun Marsh",2025,164,"eurytem",NA,NA,NA,15.2615939341711,10.8207972535328,22.093763143219,87.8535099453395,62.7588583875988,129.999434622976
"Suisun Marsh",2025,164,"limno",NA,NA,NA,221.44195493683,95.8379866666452,443.325739250068,73.1953351811268,33.1094839464852,177.302860678986
"Suisun Marsh",2025,164,"othcalad",NA,NA,NA,133.769698342182,77.2377229004224,222.997589988156,694.377663594266,421.657302591968,1105.31675798267
"Suisun Marsh",2025,164,"othcaljuv",NA,NA,NA,3.34604075183814,1.59851829032254,6.82671154953379,7.88476330965021,3.57323403369401,15.464016235127
"Suisun Marsh",2025,164,"othclad",NA,NA,NA,1.20920662008442,0.745619877480618,1.80919687537986,12.2171363798344,8.48484476328185,16.6325424775252
"Suisun Marsh",2025,164,"othcyc",NA,NA,NA,3.59062718113691,2.22462425433402,5.3660445260125,18.0541947479586,11.2093731171726,27.311557694804
"Suisun Marsh",2025,164,"other",NA,NA,NA,11.2672093305342,6.29562963785513,18.3417620012707,4.64616628729816,2.27469750366953,8.15217133897899
"Suisun Marsh",2025,164,"pdiapfor",NA,NA,NA,637.636185457771,412.430897517627,1003.98169037504,2179.3726063478,1382.66630490356,3384.01040075062
"Suisun Marsh",2025,164,"pdiapjuv",NA,NA,NA,398.810986825685,238.148717127928,652.216397611707,1777.10256464838,1056.14602695322,3035.23348315513
"Suisun Marsh",2025,165,"acartela",NA,NA,NA,2.78254147583115,1.25963355419609,5.84803415511858,0.820500712324786,0,3.11346849980953
"Suisun Marsh",2025,165,"allcopnaup",NA,NA,NA,14.2820911074756,7.65141715552517,28.5553905752737,76.3373603776447,35.707888720807,166.4332490701
"Suisun Marsh",2025,165,"daphnia",NA,NA,NA,1.27219682938898,0.521512807946732,2.63548869484392,5.89733890940915,2.61163772281339,12.1073329419579
"Suisun Marsh",2025,165,"euryjuv",NA,NA,NA,15.2644295515633,9.58677861224474,23.3668784895969,71.6989783399904,43.8683721821631,114.707315567018
"Suisun Marsh",2025,165,"eurytem",NA,NA,NA,13.5827884984176,9.72635404000995,19.8876805634844,77.5330839646943,55.6340330378552,115.162289204636
"Suisun Marsh",2025,165,"limno",NA,NA,NA,230.477195512725,101.337021992441,460.107644712467,77.4496551759546,34.9916733378009,185.650179877988
"Suisun Marsh",2025,165,"othcalad",NA,NA,NA,128.733365231656,74.2729482191291,212.094408557508,683.76902265628,415.183975786302,1094.21592438129
"Suisun Marsh",2025,165,"othcaljuv",NA,NA,NA,3.3855237234256,1.61456228002903,6.76840582133946,7.77639301533949,3.52314635567474,15.175747532591
"Suisun Marsh",2025,165,"othclad",NA,NA,NA,1.22609622950959,0.755658518263158,1.82929424469176,12.4879499465806,8.72528615548806,17.0094317227544
"Suisun Marsh",2025,165,"othcyc",NA,NA,NA,3.54685892728597,2.19298239567037,5.29326643473872,17.8776049336578,11.1919481594592,26.9275584466046
"Suisun Marsh",2025,165,"other",NA,NA,NA,11.7356335241394,6.61783589097659,19.0827196939632,4.78104614369881,2.36531514309409,8.36172118206847
"Suisun Marsh",2025,165,"pdiapfor",NA,NA,NA,649.586379397263,418.374834727898,1013.49567373556,2243.45150983602,1425.37430857226,3491.12299663619
"Suisun Marsh",2025,165,"pdiapjuv",NA,NA,NA,400.745999573175,238.713145742257,651.192877206726,1793.28471611008,1075.42484155795,3040.98930097045
"Suisun Marsh",2025,166,"acartela",NA,NA,NA,3.14394726551778,1.47249528486777,6.47836689517376,1.07800645754815,0,3.41195812810302
"Suisun Marsh",2025,166,"allcopnaup",NA,NA,NA,13.1618540018295,7.18991677829151,25.658307304459,63.1416075311028,30.3157717353115,135.917111097694
"Suisun Marsh",2025,166,"daphnia",NA,NA,NA,1.17760869514885,0.479230377074735,2.45011857456797,4.88077311357277,2.14487266824471,10.0179850374254
"Suisun Marsh",2025,166,"euryjuv",NA,NA,NA,12.9177007308541,8.12813565442264,19.914716709867,54.6578525355853,33.9116070737892,87.1314122565569
"Suisun Marsh",2025,166,"eurytem",NA,NA,NA,11.0724798496669,7.95526836309055,16.2251592278181,56.5193609210112,40.92462421209,84.1186501308483
"Suisun Marsh",2025,166,"limno",NA,NA,NA,265.485455209712,115.438167195709,534.195596003355,83.7702875568711,38.6969321407667,191.900146371788
"Suisun Marsh",2025,166,"othcalad",NA,NA,NA,113.774703305158,64.7607053745019,185.597975598247,553.161151578773,338.371546815246,887.587205161982
"Suisun Marsh",2025,166,"othcaljuv",NA,NA,NA,3.40333018247542,1.61351767007922,6.77401642471798,6.69380238696268,3.18398723139112,13.0064733374194
"Suisun Marsh",2025,166,"othclad",NA,NA,NA,1.09484370497608,0.664518696605961,1.65922589993311,10.0929608323144,7.06670002262208,13.665261510308
"Suisun Marsh",2025,166,"othcyc",NA,NA,NA,3.25565650885596,2.00475267221704,4.84821407242197,14.6891128071888,9.24717645794444,21.8720371966731
"Suisun Marsh",2025,166,"other",NA,NA,NA,12.9059847232023,7.40399090232625,21.1075746455823,5.10357209158106,2.72358892739064,8.65030248053048
"Suisun Marsh",2025,166,"pdiapfor",NA,NA,NA,623.161272768958,403.109116806527,965.950955654867,1973.22392958035,1254.64556347709,3054.05983117156
"Suisun Marsh",2025,166,"pdiapjuv",NA,NA,NA,372.821817425732,222.470349903642,606.027354269174,1525.96491519547,920.558919604776,2532.03490138071
"Suisun Marsh",2025,167,"acartela",NA,NA,NA,3.36101928419821,1.5949429061866,6.92704385321388,1.19633005776128,0,3.67332863941652
"Suisun Marsh",2025,167,"allcopnaup",NA,NA,NA,12.9332043791174,7.20392663090152,25.266399366625,63.311073240503,30.2089736979676,133.029837483578
"Suisun Marsh",2025,167,"daphnia",NA,NA,NA,1.16536779662364,0.474641603632039,2.43784630823167,4.81978391691259,2.10837135458286,9.92560172185627
"Suisun Marsh",2025,167,"euryjuv",NA,NA,NA,11.7324856791526,7.41771793184562,18.1694127604608,50.1456726467537,30.6038957653311,79.1314007503589
"Suisun Marsh",2025,167,"eurytem",NA,NA,NA,9.90772266706546,7.08081449326424,14.4437508272495,49.7130753448054,35.9622262732047,74.2091209705173
"Suisun Marsh",2025,167,"limno",NA,NA,NA,275.042859446037,122.578848001159,560.312326795708,88.4193534445524,41.8139888990837,200.960016927
"Suisun Marsh",2025,167,"othcalad",NA,NA,NA,108.766665417892,61.9219603880299,176.639824120038,542.018349602273,331.08174377369,870.857995964817
"Suisun Marsh",2025,167,"othcaljuv",NA,NA,NA,3.42899074967698,1.6169379158288,6.83458259364211,6.5869390073674,3.11970510616815,12.8481303476606
"Suisun Marsh",2025,167,"othclad",NA,NA,NA,1.10639607336256,0.675257348679978,1.678561615586,10.3134871233907,7.21634335213457,14.033747705268
"Suisun Marsh",2025,167,"othcyc",NA,NA,NA,3.20531690922518,1.9762255064899,4.78975073592609,14.5327457437531,9.1689037013188,21.6521941009884
"Suisun Marsh",2025,167,"other",NA,NA,NA,13.471067900455,7.88826368192436,22.1881542362639,5.27465405903714,2.82475667450732,8.82855252488285
"Suisun Marsh",2025,167,"pdiapfor",NA,NA,NA,628.921170488632,408.424057593479,979.106400352203,2016.74392961503,1282.23789634752,3121.08821131643
"Suisun Marsh",2025,167,"pdiapjuv",NA,NA,NA,373.704285797441,223.726511822705,608.753247758294,1537.07079954339,922.234404812728,2535.92072605849
"Suisun Marsh",2025,168,"acartela",NA,NA,NA,3.59145387894747,1.72346998761519,7.4379618798167,1.34318243286195,0.0480485514267232,3.97513106655747
"Suisun Marsh",2025,168,"allcopnaup",NA,NA,NA,12.816080388808,7.18015991769836,24.9375881452225,62.7545591496938,30.7116990271245,130.920762821061
"Suisun Marsh",2025,168,"daphnia",NA,NA,NA,1.15304978177788,0.470169097838768,2.42557324302305,4.74837418103306,2.06258018166556,9.80546605314134
"Suisun Marsh",2025,168,"euryjuv",NA,NA,NA,10.6802171503899,6.78496294958705,16.5621282534328,45.4124288182219,28.0570284982183,72.0198334762929
"Suisun Marsh",2025,168,"eurytem",NA,NA,NA,8.86818444538844,6.38421528646112,12.8721530795849,43.9570528332311,31.6809314321292,66.0992611461245
"Suisun Marsh",2025,168,"limno",NA,NA,NA,288.917864488692,128.961412819455,576.62679756698,93.4607303864951,44.9155821674191,208.039285781949
"Suisun Marsh",2025,168,"othcalad",NA,NA,NA,103.811545071474,58.9826666142328,169.067293634396,531.147222528149,319.391667195429,852.739838044476
"Suisun Marsh",2025,168,"othcaljuv",NA,NA,NA,3.45255283676597,1.62452506542885,6.81572040568139,6.56105936298332,3.08132591042248,12.7250936270797
"Suisun Marsh",2025,168,"othclad",NA,NA,NA,1.12205978395463,0.677701014080318,1.68972618983002,10.5312132242114,7.31743111285877,14.4047558854981
"Suisun Marsh",2025,168,"othcyc",NA,NA,NA,3.16069320609053,1.949204430564,4.697744807609,14.4384107016623,9.09171521116196,21.4439027753912
"Suisun Marsh",2025,168,"other",NA,NA,NA,14.0447703203406,8.25519023090388,23.1896508868253,5.4055207669028,2.95205225441365,9.04835589136648
"Suisun Marsh",2025,168,"pdiapfor",NA,NA,NA,635.621146612156,413.932293263518,995.438508197475,2061.51143932496,1309.29749420864,3188.11357055129
"Suisun Marsh",2025,168,"pdiapjuv",NA,NA,NA,372.708763135714,223.165947881822,607.280609899937,1541.44176871246,920.279463977593,2556.43845553618
"Suisun Marsh",2025,169,"acartela",NA,NA,NA,4.06232215971713,1.96229841206762,8.23404314347819,1.35356750111955,0,4.23585524763511
"Suisun Marsh",2025,169,"allcopnaup",NA,NA,NA,11.653596656879,6.67235503914281,22.2839346079419,75.5285280723569,36.4626451935329,163.035106326642
"Suisun Marsh",2025,169,"daphnia",NA,NA,NA,1.06584512797015,0.434483318030709,2.25794884452241,5.61811456647761,2.40706688979003,11.5669861418605
"Suisun Marsh",2025,169,"euryjuv",NA,NA,NA,9.07579618740203,5.74866451517726,14.0795208483603,49.7053972800395,30.5243532792442,79.1606776375212
"Suisun Marsh",2025,169,"eurytem",NA,NA,NA,7.32970659744166,5.25227603839046,10.5121539210169,47.4783658709654,33.5992281405984,71.5809356146805
"Suisun Marsh",2025,169,"limno",NA,NA,NA,328.364161325158,145.293529008115,655.685216306103,98.4205597004441,46.2655206914544,222.715905469715
"Suisun Marsh",2025,169,"othcalad",NA,NA,NA,91.3679231367657,51.5366198606112,149.699387655596,635.123063167307,375.838284706701,1012.17409096647
"Suisun Marsh",2025,169,"othcaljuv",NA,NA,NA,3.47403885294951,1.65058401256637,6.80373374116119,7.43462590433391,3.37792897164307,14.3068233303615
"Suisun Marsh",2025,169,"othclad",NA,NA,NA,0.999658660504673,0.595273772623882,1.53054632273346,13.5653431895528,9.45965903780122,18.615814401039
"Suisun Marsh",2025,169,"othcyc",NA,NA,NA,2.89794580547716,1.78073335430626,4.31114421015134,17.2397521034022,10.7936329000426,25.8675512237836
"Suisun Marsh",2025,169,"other",NA,NA,NA,15.4074422212373,9.17343848220813,25.6356384408477,5.33303547986455,2.7970952891597,9.12388506762938
"Suisun Marsh",2025,169,"pdiapfor",NA,NA,NA,607.484870905347,395.221026265977,954.436623512243,2458.24899023251,1557.26865102052,3803.62678856605
"Suisun Marsh",2025,169,"pdiapjuv",NA,NA,NA,346.853709577401,208.331283254993,569.193026611304,1860.78064051003,1081.3898458129,3089.83717076141
"Suisun Marsh",2025,170,"acartela",NA,NA,NA,4.33838271683961,2.09337935387098,8.73295109986615,1.52376906661871,0.0225591673411509,4.53131270548425
"Suisun Marsh",2025,170,"allcopnaup",NA,NA,NA,11.5588457936972,6.57787573049867,21.9707243771101,75.3251438466092,35.9135373622183,162.738462531128
"Suisun Marsh",2025,170,"daphnia",NA,NA,NA,1.05312681982006,0.430177257338484,2.23797382571711,5.56592750966922,2.36905358039894,11.4375888952937
"Suisun Marsh",2025,170,"euryjuv",NA,NA,NA,8.26057078932453,5.23266433325477,12.8914937855787,45.4702624207605,27.7782080704958,72.1330163945115
"Suisun Marsh",2025,170,"eurytem",NA,NA,NA,6.55032470310102,4.72268263254505,9.46041205026377,42.1512119508293,29.5936899295689,63.9845048490427
"Suisun Marsh",2025,170,"limno",NA,NA,NA,342.402521931482,147.701140010024,680.446229530603,103.358765785316,49.0947935197791,236.18858968776
"Suisun Marsh",2025,170,"othcalad",NA,NA,NA,87.3604967220371,49.5705349049672,143.782130411333,623.424972833522,363.803334691787,985.989127727207
"Suisun Marsh",2025,170,"othcaljuv",NA,NA,NA,3.49029471447207,1.66136174616441,6.7834355177415,7.3737684674474,3.3624410953686,14.141316874357
"Suisun Marsh",2025,170,"othclad",NA,NA,NA,1.0068265057102,0.60087328874286,1.55283683456545,13.8523177432431,9.67663271110489,19.0615554498339
"Suisun Marsh",2025,170,"othcyc",NA,NA,NA,2.85903181860569,1.75574614083022,4.22523979769596,17.0121981699624,10.721440897691,25.6980779771376
"Suisun Marsh",2025,170,"other",NA,NA,NA,16.1217179738457,9.56317062823196,26.7222591750216,5.49102199864689,2.89830738861305,9.33222500320552
"Suisun Marsh",2025,170,"pdiapfor",NA,NA,NA,611.121741495961,398.978393397833,968.048492997604,2509.23292610022,1595.09020810579,3903.02289025615
"Suisun Marsh",2025,170,"pdiapjuv",NA,NA,NA,345.548147715735,209.535926070633,564.522708333666,1855.10375450467,1078.21648044677,3104.67043873443
"Suisun Marsh",2025,171,"acartela",NA,NA,NA,4.62656832837563,2.23246509906614,9.28234791226903,1.68565748456867,0.117035917745405,4.86068037944679
"Suisun Marsh",2025,171,"allcopnaup",NA,NA,NA,11.4292547400349,6.43557785768972,21.6815065150075,75.2425721950491,35.6337737337022,162.144198606361
"Suisun Marsh",2025,171,"daphnia",NA,NA,NA,1.0409770893833,0.425785073171825,2.21602275402724,5.48759754391276,2.32894879275343,11.3004192082985
"Suisun Marsh",2025,171,"euryjuv",NA,NA,NA,7.52833043552159,4.78612187902642,11.9025085832533,41.5557321508534,25.1791373540195,66.0623392075945
"Suisun Marsh",2025,171,"eurytem",NA,NA,NA,5.87621611041766,4.24887269363999,8.51526153201684,37.3282876714649,26.0260766642854,57.4523865786946
"Suisun Marsh",2025,171,"limno",NA,NA,NA,351.85507454911,153.324431638815,701.490010304388,109.882058095157,51.9982513364946,250.99555669302
"Suisun Marsh",2025,171,"othcalad",NA,NA,NA,83.006362413885,46.861244314676,137.619514968882,609.898730256445,354.400520394135,971.556339816576
"Suisun Marsh",2025,171,"othcaljuv",NA,NA,NA,3.50822372182495,1.69989305955578,6.75161855607753,7.37543368856318,3.31427304031285,13.9799305348392
"Suisun Marsh",2025,171,"othclad",NA,NA,NA,1.01437830274945,0.612770141383559,1.56516792681142,14.1134448864883,9.92204391867952,19.5212317252716
"Suisun Marsh",2025,171,"othcyc",NA,NA,NA,2.81741681094012,1.72644779331758,4.17134058587446,16.8558657345551,10.6598159011656,25.5285273220598
"Suisun Marsh",2025,171,"other",NA,NA,NA,16.8896519988031,10.083114472416,27.8700977394638,5.63192898537003,3.01030458387386,9.63367398766895
"Suisun Marsh",2025,171,"pdiapfor",NA,NA,NA,615.397050915696,400.243025925855,980.587634466391,2558.19656905408,1628.29097714379,3974.72140712245
"Suisun Marsh",2025,171,"pdiapjuv",NA,NA,NA,343.817294077098,208.345649074821,561.241773359296,1870.78324526965,1078.99516210059,3137.10040305702
"Suisun Marsh",2025,172,"acartela",NA,NA,NA,4.96100030672348,2.3920155668173,9.945491591682,1.87341077702097,0.221875108029708,5.23418043634732
"Suisun Marsh",2025,172,"allcopnaup",NA,NA,NA,11.2577688534105,6.24860769881349,21.3385533237213,74.6995319794944,35.1468732840026,163.454091002678
"Suisun Marsh",2025,172,"daphnia",NA,NA,NA,1.0286446957263,0.42136255674518,2.19436977831902,5.44410293208048,2.28937143261882,11.1590409366741
"Suisun Marsh",2025,172,"euryjuv",NA,NA,NA,6.89016917847858,4.35720525154796,10.8874214116479,38.0051373300329,22.8323390892415,60.6452143596682
"Suisun Marsh",2025,172,"eurytem",NA,NA,NA,5.27246269636839,3.77612390098684,7.68795382390861,33.2790457897717,22.9690592486497,51.6070418328431
"Suisun Marsh",2025,172,"limno",NA,NA,NA,365.667886550691,159.515101620657,723.121514247606,116.919901729373,55.1399544274292,263.638138958195
"Suisun Marsh",2025,172,"othcalad",NA,NA,NA,79.1195482910628,44.3840453155907,131.739764657508,594.083133969079,348.372490724091,958.575358226149
"Suisun Marsh",2025,172,"othcaljuv",NA,NA,NA,3.54235287257859,1.72452937164649,6.77459646724079,7.31054430588652,3.26276084134845,13.8526532874091
"Suisun Marsh",2025,172,"othclad",NA,NA,NA,1.02822568303357,0.621261412166781,1.57655859355706,14.3497589246706,10.1384587712846,19.9738834883427
"Suisun Marsh",2025,172,"othcyc",NA,NA,NA,2.78311237718598,1.69799470336212,4.10999325466623,16.6265630159734,10.5895837178555,25.3588469338779
"Suisun Marsh",2025,172,"other",NA,NA,NA,17.6587322212362,10.6063345298216,29.1514663831142,5.78755232001438,3.12423294858532,9.88567528368894
"Suisun Marsh",2025,172,"pdiapfor",NA,NA,NA,622.520882026135,400.372689620059,987.127356012001,2605.72469386947,1641.52302582578,4065.77811686804
"Suisun Marsh",2025,172,"pdiapjuv",NA,NA,NA,341.519446063809,205.31907681487,562.30909046294,1880.50064262857,1081.48574383475,3165.3765199354
"Suisun Marsh",2025,173,"acartela",NA,NA,NA,5.56412976942345,2.73875345645164,11.1157395528098,2.0649586585501,0.345369645291626,5.63588013047165
"Suisun Marsh",2025,173,"allcopnaup",NA,NA,NA,10.2022107643216,5.58813908528332,19.4102590151033,73.7817757602939,35.3313196191761,163.72278979067
"Suisun Marsh",2025,173,"daphnia",NA,NA,NA,0.955204016416712,0.384533236761705,2.04380343308595,5.40070131706809,2.25696060666717,11.0192088707114
"Suisun Marsh",2025,173,"euryjuv",NA,NA,NA,5.88416021579956,3.68633381126501,9.39549977069138,34.7837995791291,20.725072873242,55.6894769443004
"Suisun Marsh",2025,173,"eurytem",NA,NA,NA,4.3980349317938,3.10763343170923,6.42004651773486,29.6362365099862,20.2232648539541,46.3170062956394
"Suisun Marsh",2025,173,"limno",NA,NA,NA,409.680738991993,178.926434443871,801.160066258181,123.944888584692,58.239997537273,279.802588889576
"Suisun Marsh",2025,173,"othcalad",NA,NA,NA,69.6175108187537,38.4427289654159,116.974528924476,577.385448285763,338.695636850304,944.085108950362
"Suisun Marsh",2025,173,"othcaljuv",NA,NA,NA,3.62319925773095,1.80361450636132,6.92041175514007,7.26656640235033,3.2319343431985,13.7037733703244
"Suisun Marsh",2025,173,"othclad",NA,NA,NA,0.915230679505618,0.546220166727384,1.42875574688199,14.5949136552597,10.2813901509647,20.4655759986205
"Suisun Marsh",2025,173,"othcyc",NA,NA,NA,2.55690292459471,1.55879154530214,3.7945875260111,16.4843212358569,10.4962767717421,25.18898607437
"Suisun Marsh",2025,173,"other",NA,NA,NA,19.4445984284844,11.5975222527397,32.1485896714106,5.97428092826741,3.23740963753946,10.1223902446193
"Suisun Marsh",2025,173,"pdiapfor",NA,NA,NA,591.463660792985,376.4012104915,932.844247812526,2648.72784035398,1674.25398278331,4144.42419628499
"Suisun Marsh",2025,173,"pdiapjuv",NA,NA,NA,317.69869601651,189.287945770551,524.782289992399,1877.88219229278,1082.80013848467,3174.71718775975
"Suisun Marsh",2025,174,"acartela",NA,NA,NA,6.2201052522879,3.08099005499578,12.3863782657308,2.40504814281773,0.642045285914212,6.05551018339115
"Suisun Marsh",2025,174,"allcopnaup",NA,NA,NA,9.29135702042123,5.00857623423356,17.7108868294388,60.3458343715246,30.3281973186613,134.023451067759
"Suisun Marsh",2025,174,"daphnia",NA,NA,NA,0.890187367773354,0.351040375704473,1.91555855548286,4.45149117451387,1.8640374061352,9.22507107405632
"Suisun Marsh",2025,174,"euryjuv",NA,NA,NA,5.03328227053951,3.12178332591144,8.0899503130337,26.5952367506534,15.8193324440131,42.7070760912009
"Suisun Marsh",2025,174,"eurytem",NA,NA,NA,3.66723606494922,2.57374422964722,5.36218210323002,21.8348541164986,14.9653378262632,34.124973696945
"Suisun Marsh",2025,174,"limno",NA,NA,NA,453.983462919858,203.033551989811,921.290779795625,132.105095184741,62.4363085090497,291.02394488692
"Suisun Marsh",2025,174,"othcalad",NA,NA,NA,61.0874303617305,33.6097248878458,103.025750073432,454.627546329622,266.623413018485,740.222343094828
"Suisun Marsh",2025,174,"othcaljuv",NA,NA,NA,3.73009770264847,1.89758418994496,7.03868982941143,6.3509522102715,2.93412245196285,11.9965227055715
"Suisun Marsh",2025,174,"othclad",NA,NA,NA,0.816658072215154,0.47776143607682,1.28995215899941,11.6505540512812,8.18888088362248,16.2418099494891
"Suisun Marsh",2025,174,"othcyc",NA,NA,NA,2.36096403791968,1.43579086212927,3.52008030085911,13.4412405696841,8.70931351036574,20.5096281755422
"Suisun Marsh",2025,174,"other",NA,NA,NA,21.219067558414,12.6704423273535,34.6438734785896,6.47618464489926,3.66641952531665,10.6661858430053
"Suisun Marsh",2025,174,"pdiapfor",NA,NA,NA,560.165741061549,355.022506666958,887.145962618608,2294.52342225087,1461.83064153827,3569.21136736449
"Suisun Marsh",2025,174,"pdiapjuv",NA,NA,NA,295.926327913649,174.877178410727,490.65558325867,1565.89805545171,908.160506003123,2617.57572317763
"Suisun Marsh",2025,175,"acartela",NA,NA,NA,6.65185159378372,3.3145462705871,13.2657535824786,2.62617795946068,0.755225469526176,6.53216556422156
"Suisun Marsh",2025,175,"allcopnaup",NA,NA,NA,9.18290401495922,4.9357821082451,17.3121568348967,60.3721940232653,30.1665905287273,132.2760845236
"Suisun Marsh",2025,175,"daphnia",NA,NA,NA,0.879789402589499,0.344179344245574,1.90473501712111,4.4042124828329,1.83816227869449,9.12318372704479
"Suisun Marsh",2025,175,"euryjuv",NA,NA,NA,4.59978383784658,2.83200727033888,7.46679032715253,24.352627164166,14.3194414147778,39.3560590259705
"Suisun Marsh",2025,175,"eurytem",NA,NA,NA,3.29629831490649,2.32218079992416,4.88486711935582,19.4775738338526,13.2717205301147,30.5115732021194
"Suisun Marsh",2025,175,"limno",NA,NA,NA,470.084776448675,211.851969500783,967.948046283491,138.45297984863,65.4372870512329,308.600645198189
"Suisun Marsh",2025,175,"othcalad",NA,NA,NA,57.9034060942954,31.7163285031675,97.1808076780397,441.813176542906,257.656067825793,725.744608360713
"Suisun Marsh",2025,175,"othcaljuv",NA,NA,NA,3.75510463004907,1.93495012468457,7.08989202329892,6.32263294965465,2.89794431474419,11.9443860848131
"Suisun Marsh",2025,175,"othclad",NA,NA,NA,0.8189185923242,0.479081714044944,1.2962070308685,11.8093597166164,8.31232716869129,16.5411438631617
"Suisun Marsh",2025,175,"othcyc",NA,NA,NA,2.33055983536549,1.4118008465725,3.48267174807424,13.3051126535558,8.68322834354189,20.3174245137383
"Suisun Marsh",2025,175,"other",NA,NA,NA,22.1692175927617,13.0693643092565,36.0817842550667,6.65845009733122,3.77205787108985,11.0070544172034
"Suisun Marsh",2025,175,"pdiapfor",NA,NA,NA,562.381437561953,355.625522692956,890.837519860589,2322.374357912,1478.87658507931,3616.30262569657
"Suisun Marsh",2025,175,"pdiapjuv",NA,NA,NA,291.808630119526,171.937662008491,486.901420941137,1559.23737143514,907.376195212716,2604.2179850614
"Suisun Marsh",2025,176,"acartela",NA,NA,NA,7.37116349602269,3.68719272749889,14.5978768901961,2.97526947706317,1.02672768529883,7.10677708362287
"Suisun Marsh",2025,176,"allcopnaup",NA,NA,NA,8.38374944618491,4.52583035806205,15.785723946295,50.5055282184213,25.1922327475654,109.247961852756
"Suisun Marsh",2025,176,"daphnia",NA,NA,NA,0.823759464469177,0.31534607148141,1.79262630917033,3.72404032446791,1.5495024530047,7.77580982322583
"Suisun Marsh",2025,176,"euryjuv",NA,NA,NA,3.96467985777983,2.41568555582533,6.47608160757302,19.1065844350883,11.1278002951753,30.5726871955742
"Suisun Marsh",2025,176,"eurytem",NA,NA,NA,2.7632493166206,1.93336213982142,4.11766619825849,14.7100801692533,10.0375885130777,22.9165097792103
"Suisun Marsh",2025,176,"limno",NA,NA,NA,520.753728748053,235.401203333063,1076.07645465457,150.328296982875,71.7693000644702,330.183766937992
"Suisun Marsh",2025,176,"othcalad",NA,NA,NA,50.5468448652006,27.5684039053537,85.384886777248,354.085280637679,211.069130777594,581.231431884427
"Suisun Marsh",2025,176,"othcaljuv",NA,NA,NA,3.8685909011624,2.01996451170231,7.31763221316035,5.68469475113891,2.65191339904976,10.7523941439263
"Suisun Marsh",2025,176,"othclad",NA,NA,NA,0.734898603937575,0.415353668386723,1.16787325655664,9.61109656086017,6.69708062197796,13.4053594938941
"Suisun Marsh",2025,176,"othcyc",NA,NA,NA,2.16180640801253,1.30464887244902,3.24231175775174,11.1354853215822,7.26414484200275,16.8699987999413
"Suisun Marsh",2025,176,"other",NA,NA,NA,24.0190941188482,14.0813000693055,39.0745289373412,7.27950160884973,4.23825337320187,12.0161651323535
"Suisun Marsh",2025,176,"pdiapfor",NA,NA,NA,532.041025851926,336.157241003224,843.731185112997,2043.82531636408,1307.23850252416,3168.1457647342
"Suisun Marsh",2025,176,"pdiapjuv",NA,NA,NA,273.447554043268,159.256897727159,456.683377634578,1308.33447092454,773.126005403421,2179.77251918197
"Suisun Marsh",2025,177,"acartela",NA,NA,NA,8.12262813951095,4.06635225436648,15.9970939083307,3.37102689743754,1.30918820064334,7.71040968563084
"Suisun Marsh",2025,177,"allcopnaup",NA,NA,NA,7.63749694110759,4.13444875563763,14.6190961491233,43.2865869330847,20.9893046736759,94.162871535687
"Suisun Marsh",2025,177,"daphnia",NA,NA,NA,0.773071329500492,0.292665633593224,1.69110738525467,3.20426363495904,1.31373646295794,6.70124365473169
"Suisun Marsh",2025,177,"euryjuv",NA,NA,NA,3.43387528238182,2.07243754061077,5.62323893595011,15.1937487959606,8.81345638099136,24.1974057528043
"Suisun Marsh",2025,177,"eurytem",NA,NA,NA,2.31767801803178,1.60596059901524,3.46011296809632,11.3427669632889,7.69572163893507,17.5738297345623
"Suisun Marsh",2025,177,"limno",NA,NA,NA,571.469163001323,259.121214731698,1201.1488104233,165.368975246461,79.7025073832604,360.893047220413
"Suisun Marsh",2025,177,"othcalad",NA,NA,NA,44.4887228732228,24.0885239217606,75.9880627547512,287.837234569435,172.779826461895,467.957907235551
"Suisun Marsh",2025,177,"othcaljuv",NA,NA,NA,3.97700474008288,2.1158849194541,7.56527167104161,5.20886419777299,2.4565213853634,9.77363506455236
"Suisun Marsh",2025,177,"othclad",NA,NA,NA,0.657730649442329,0.363035016872539,1.05476886778998,7.91429900511254,5.50186054281803,11.0679533448656
"Suisun Marsh",2025,177,"othcyc",NA,NA,NA,2.00529745449706,1.20988200586053,3.02675286814452,9.46333436466842,6.17119733016026,14.2135784468851
"Suisun Marsh",2025,177,"other",NA,NA,NA,25.7417928621047,15.1335548670514,42.3737696387662,8.05533740535973,4.84862559228371,13.1238525704403
"Suisun Marsh",2025,177,"pdiapfor",NA,NA,NA,502.990567890263,317.273261738522,797.866277280973,1814.3090572518,1169.7698236999,2828.49333808337
"Suisun Marsh",2025,177,"pdiapjuv",NA,NA,NA,256.558450883741,147.830697427073,429.045702432665,1116.58205820364,666.473193041757,1861.65313675074
"Suisun Marsh",2025,178,"acartela",NA,NA,NA,8.92644332602993,4.45727057293993,17.5967043502286,3.84651739728602,1.61035765343442,8.51282383338985
"Suisun Marsh",2025,178,"allcopnaup",NA,NA,NA,6.92090684456586,3.76365936196174,13.5338365707697,37.0136466461994,17.9597551729606,81.6165845368663
"Suisun Marsh",2025,178,"daphnia",NA,NA,NA,0.72643089828684,0.27266118792547,1.59893083240658,2.80408587755596,1.13122528999256,5.85056548656249
"Suisun Marsh",2025,178,"euryjuv",NA,NA,NA,2.98247958835535,1.78156725481062,4.92535100351378,12.2569315044059,7.0745219221668,19.5908512165995
"Suisun Marsh",2025,178,"eurytem",NA,NA,NA,1.95133706924472,1.33626986426804,2.96233004640584,8.91671940729525,5.99657485858933,13.7740795348405
"Suisun Marsh",2025,178,"limno",NA,NA,NA,625.200288846313,288.782285252403,1345.55935209678,182.824928600677,88.1483930992759,396.381360007473
"Suisun Marsh",2025,178,"othcalad",NA,NA,NA,38.8629876798829,21.1923503777782,66.80290992754,235.728190183979,140.475286564077,380.700067717718
"Suisun Marsh",2025,178,"othcaljuv",NA,NA,NA,4.12162267246829,2.20125562223967,7.87828322276535,4.82891824606158,2.26541462686092,9.02726313744104
"Suisun Marsh",2025,178,"othclad",NA,NA,NA,0.592908125566951,0.319236505327987,0.961520563835242,6.58800389980524,4.57599582164387,9.28057340582582
"Suisun Marsh",2025,178,"othcyc",NA,NA,NA,1.86414974678528,1.12597712060522,2.8242656846388,8.13255176430875,5.3077105007446,12.1565378045174
"Suisun Marsh",2025,178,"other",NA,NA,NA,27.6093147698644,16.3186162149636,45.5316877431322,8.98534762225099,5.4468027411606,14.6615175289465
"Suisun Marsh",2025,178,"pdiapfor",NA,NA,NA,475.283487215205,299.648235975518,753.211027624835,1622.56635981233,1049.26652134514,2565.24322645735
"Suisun Marsh",2025,178,"pdiapjuv",NA,NA,NA,239.867199211569,137.295923655881,403.224795784191,961.821236289172,571.358485997207,1595.49442283664
"Suisun Marsh",2025,179,"acartela",NA,NA,NA,9.50036293467551,4.71985761489877,18.7306904572545,4.1597259169665,1.77734657098459,9.13698312950308
"Suisun Marsh",2025,179,"allcopnaup",NA,NA,NA,6.82587457137222,3.66141265679221,13.3969377763284,36.3458143043119,17.5730802230493,81.1694106907883
"Suisun Marsh",2025,179,"daphnia",NA,NA,NA,0.718389159108981,0.269765352033003,1.58907285896228,2.77401961429809,1.11447371077909,5.80247645892396
"Suisun Marsh",2025,179,"euryjuv",NA,NA,NA,2.76120339438279,1.61472225848052,4.56834565584836,11.2632158529604,6.46969878221825,18.1700390506135
"Suisun Marsh",2025,179,"eurytem",NA,NA,NA,1.77246171470546,1.2015341018668,2.70827514034939,7.98979479251382,5.32415375912903,12.4202530561654
"Suisun Marsh",2025,179,"limno",NA,NA,NA,639.066312663466,300.5232105214,1386.32291994316,192.113410545499,92.3690103841707,422.019095148864
"Suisun Marsh",2025,179,"othcalad",NA,NA,NA,36.7981744168971,19.8875730845106,63.9574010589347,224.955916798137,133.584000012145,365.107350026912
"Suisun Marsh",2025,179,"othcaljuv",NA,NA,NA,4.14471376687519,2.21580745283073,7.98482263633979,4.8031599919305,2.24869098738231,9.09314116387408
"Suisun Marsh",2025,179,"othclad",NA,NA,NA,0.59542769965295,0.322439727449334,0.969564078558159,6.6538191303934,4.61845508873206,9.38529887483672
"Suisun Marsh",2025,179,"othcyc",NA,NA,NA,1.83608298226372,1.11311757997355,2.79231577127337,8.05874386746923,5.22713670943171,12.0261189933016
"Suisun Marsh",2025,179,"other",NA,NA,NA,28.5555334604357,17.1435182601956,47.7086001587457,9.29844667022604,5.61023220103312,15.2058552701747
"Suisun Marsh",2025,179,"pdiapfor",NA,NA,NA,472.598371540954,296.87504239662,750.875260536605,1626.79906374831,1054.70888118825,2573.35204383621
"Suisun Marsh",2025,179,"pdiapjuv",NA,NA,NA,235.819141505292,134.714931745759,400.177322287811,958.959345060051,564.060798449236,1582.91494472747
"Suisun Marsh",2025,180,"acartela",NA,NA,NA,10.099487009893,4.99611668673589,19.9238994554704,4.50130513458504,1.95646967042554,9.85375049762061
"Suisun Marsh",2025,180,"allcopnaup",NA,NA,NA,6.73765996672178,3.55718175319755,13.1726543512271,35.6865547769754,16.9490073924378,79.7174150410975
"Suisun Marsh",2025,180,"daphnia",NA,NA,NA,0.710735486387478,0.266988300747432,1.57952935520619,2.74414948392665,1.09986095334015,5.74279138626716
"Suisun Marsh",2025,180,"euryjuv",NA,NA,NA,2.53452560904787,1.46562327533136,4.22497774917617,10.3955723512484,5.90687372856907,16.8559924220906
"Suisun Marsh",2025,180,"eurytem",NA,NA,NA,1.60746508013654,1.08551550874934,2.47443102718305,7.17185190343816,4.73010893816611,11.2292520032969
"Suisun Marsh",2025,180,"limno",NA,NA,NA,655.674962994522,308.309009954273,1419.21701721658,202.137686078185,96.4730836423721,446.623887854408
"Suisun Marsh",2025,180,"othcalad",NA,NA,NA,34.6440581314793,18.7289378829458,61.1637668008989,215.889583727798,126.944337206793,350.807027517563
"Suisun Marsh",2025,180,"othcaljuv",NA,NA,NA,4.17537180757603,2.21281044075895,8.03032608838829,4.79706284471155,2.23348687935523,9.18092631405894
"Suisun Marsh",2025,180,"othclad",NA,NA,NA,0.599848347705704,0.326981288671763,0.977223302294082,6.69997966159795,4.64604268754948,9.46382987298465
"Suisun Marsh",2025,180,"othcyc",NA,NA,NA,1.80833059313763,1.09687434302763,2.76156455683264,7.98986904760501,5.1489005212826,11.8986662682939
"Suisun Marsh",2025,180,"other",NA,NA,NA,29.8102736495865,17.9155049243846,49.6709290953965,9.64009519723252,5.77745152884242,15.7647357563863
"Suisun Marsh",2025,180,"pdiapfor",NA,NA,NA,470.093143179574,294.609394600173,747.182650421394,1630.98043922263,1054.0129873343,2570.57938567321
"Suisun Marsh",2025,180,"pdiapjuv",NA,NA,NA,231.532249114989,133.310215320608,394.807837190739,946.661626177045,557.000313722056,1573.21167737204
"Suisun Marsh",2025,181,"acartela",NA,NA,NA,NA,NA,NA,NA,NA,NA
"Suisun Marsh",2025,181,"allcopnaup",NA,NA,NA,NA,NA,NA,NA,NA,NA
"Suisun Marsh",2025,181,"daphnia",NA,NA,NA,NA,NA,NA,NA,NA,NA
"Suisun Marsh",2025,181,"euryjuv",NA,NA,NA,NA,NA,NA,NA,NA,NA
"Suisun Marsh",2025,181,"eurytem",NA,NA,NA,NA,NA,NA,NA,NA,NA
"Suisun Marsh",2025,181,"limno",NA,NA,NA,NA,NA,NA,NA,NA,NA
"Suisun Marsh",2025,181,"othcalad",NA,NA,NA,NA,NA,NA,NA,NA,NA
"Suisun Marsh",2025,181,"othcaljuv",NA,NA,NA,NA,NA,NA,NA,NA,NA
"Suisun Marsh",2025,181,"othclad",NA,NA,NA,NA,NA,NA,NA,NA,NA
"Suisun Marsh",2025,181,"othcyc",NA,NA,NA,NA,NA,NA,NA,NA,NA
"Suisun Marsh",2025,181,"other",NA,NA,NA,NA,NA,NA,NA,NA,NA
"Suisun Marsh",2025,181,"pdiapfor",NA,NA,NA,NA,NA,NA,NA,NA,NA
"Suisun Marsh",2025,181,"pdiapjuv",NA,NA,NA,NA,NA,NA,NA,NA,NA
